{
"meta":{"test_sets":[],"test_metrics":[],"learn_metrics":[{"best_value":"Min","name":"RMSE"}],"launch_mode":"Train","parameters":"","iteration_count":1000,"learn_sets":["learn"],"name":"experiment"},
"iterations":[
{"learn":[14.59871775],"iteration":0,"passed_time":0.05769044474,"remaining_time":57.63275429},
{"learn":[14.22518863],"iteration":1,"passed_time":0.05805611871,"remaining_time":28.97000324},
{"learn":[13.8866124],"iteration":2,"passed_time":0.05837529176,"remaining_time":19.40005529},
{"learn":[13.52356875],"iteration":3,"passed_time":0.0587960085,"remaining_time":14.64020612},
{"learn":[13.18870211],"iteration":4,"passed_time":0.05903059652,"remaining_time":11.74708871},
{"learn":[12.9124226],"iteration":5,"passed_time":0.05928122653,"remaining_time":9.820923196},
{"learn":[12.60003351],"iteration":6,"passed_time":0.05966994264,"remaining_time":8.464607577},
{"learn":[12.32990573],"iteration":7,"passed_time":0.05992540607,"remaining_time":7.430750353},
{"learn":[12.0660619],"iteration":8,"passed_time":0.06026374617,"remaining_time":6.635708051},
{"learn":[11.77309809],"iteration":9,"passed_time":0.06046362517,"remaining_time":5.985898891},
{"learn":[11.49227636],"iteration":10,"passed_time":0.06072400537,"remaining_time":5.459640119},
{"learn":[11.26264833],"iteration":11,"passed_time":0.06098159385,"remaining_time":5.020817894},
{"learn":[11.04260393],"iteration":12,"passed_time":0.06125197426,"remaining_time":4.650438353},
{"learn":[10.79916926],"iteration":13,"passed_time":0.06154598013,"remaining_time":4.334595458},
{"learn":[10.5541002],"iteration":14,"passed_time":0.06185856971,"remaining_time":4.062046078},
{"learn":[10.31918115],"iteration":15,"passed_time":0.06211915826,"remaining_time":3.820328233},
{"learn":[10.10004441],"iteration":16,"passed_time":0.06242503937,"remaining_time":3.6096361},
{"learn":[9.894556723],"iteration":17,"passed_time":0.06268091948,"remaining_time":3.419592385},
{"learn":[9.690174082],"iteration":18,"passed_time":0.06295921671,"remaining_time":3.250683768},
{"learn":[9.506034866],"iteration":19,"passed_time":0.06321880523,"remaining_time":3.097721456},
{"learn":[9.338524633],"iteration":20,"passed_time":0.06345543496,"remaining_time":2.958231944},
{"learn":[9.170203312],"iteration":21,"passed_time":0.06370952338,"remaining_time":2.832177903},
{"learn":[9.010299969],"iteration":22,"passed_time":0.06397536202,"remaining_time":2.717562117},
{"learn":[8.843866678],"iteration":23,"passed_time":0.06421740853,"remaining_time":2.611507947},
{"learn":[8.690548059],"iteration":24,"passed_time":0.06442824607,"remaining_time":2.512701597},
{"learn":[8.555307687],"iteration":25,"passed_time":0.06471121006,"remaining_time":2.424181485},
{"learn":[8.413851302],"iteration":26,"passed_time":0.06497559035,"remaining_time":2.341527756},
{"learn":[8.29256019],"iteration":27,"passed_time":0.0652050116,"remaining_time":2.263545403},
{"learn":[8.162193833],"iteration":28,"passed_time":0.06543355783,"remaining_time":2.190896023},
{"learn":[8.040736294],"iteration":29,"passed_time":0.06572010523,"remaining_time":2.124950069},
{"learn":[7.921220278],"iteration":30,"passed_time":0.06597502699,"remaining_time":2.06225165},
{"learn":[7.809589039],"iteration":31,"passed_time":0.06631561713,"remaining_time":2.006047418},
{"learn":[7.699675801],"iteration":32,"passed_time":0.0666144981,"remaining_time":1.952006657},
{"learn":[7.60645267],"iteration":33,"passed_time":0.0668710449,"remaining_time":1.899924393},
{"learn":[7.498880302],"iteration":34,"passed_time":0.06712442496,"remaining_time":1.850716288},
{"learn":[7.401158744],"iteration":35,"passed_time":0.06743026441,"remaining_time":1.805632636},
{"learn":[7.306431077],"iteration":36,"passed_time":0.06770268652,"remaining_time":1.762099652},
{"learn":[7.223863468],"iteration":37,"passed_time":0.06800760928,"remaining_time":1.721666319},
{"learn":[7.143477682],"iteration":38,"passed_time":0.06825844763,"remaining_time":1.681958158},
{"learn":[7.062817131],"iteration":39,"passed_time":0.06858428748,"remaining_time":1.646022899},
{"learn":[6.990793435],"iteration":40,"passed_time":0.06885791794,"remaining_time":1.610603495},
{"learn":[6.931862224],"iteration":41,"passed_time":0.06910863129,"remaining_time":1.576334971},
{"learn":[6.858296558],"iteration":42,"passed_time":0.06940626224,"remaining_time":1.54469286},
{"learn":[6.786268161],"iteration":43,"passed_time":0.06966126733,"remaining_time":1.513549354},
{"learn":[6.717118549],"iteration":44,"passed_time":0.0699296477,"remaining_time":1.484062523},
{"learn":[6.652948106],"iteration":45,"passed_time":0.07021882014,"remaining_time":1.45627727},
{"learn":[6.589686076],"iteration":46,"passed_time":0.07044094958,"remaining_time":1.428302659},
{"learn":[6.531283097],"iteration":47,"passed_time":0.0707220802,"remaining_time":1.402654591},
{"learn":[6.471368031],"iteration":48,"passed_time":0.07100641922,"remaining_time":1.378104177},
{"learn":[6.416481395],"iteration":49,"passed_time":0.07128034136,"remaining_time":1.354326486},
{"learn":[6.369870822],"iteration":50,"passed_time":0.07154313828,"remaining_time":1.331263495},
{"learn":[6.325678067],"iteration":51,"passed_time":0.0717608093,"remaining_time":1.308254754},
{"learn":[6.275766122],"iteration":52,"passed_time":0.07202835631,"remaining_time":1.286997234},
{"learn":[6.224773967],"iteration":53,"passed_time":0.07227906966,"remaining_time":1.26622222},
{"learn":[6.182249254],"iteration":54,"passed_time":0.07259153424,"remaining_time":1.247254543},
{"learn":[6.139904173],"iteration":55,"passed_time":0.07286608139,"remaining_time":1.228313943},
{"learn":[6.100525536],"iteration":56,"passed_time":0.07318896284,"remaining_time":1.210827929},
{"learn":[6.062568564],"iteration":57,"passed_time":0.07349180223,"remaining_time":1.193608236},
{"learn":[6.030559288],"iteration":58,"passed_time":0.07377484955,"remaining_time":1.176646329},
{"learn":[5.997931376],"iteration":59,"passed_time":0.07403318805,"remaining_time":1.159853279},
{"learn":[5.964103835],"iteration":60,"passed_time":0.07427585957,"remaining_time":1.143361183},
{"learn":[5.933729724],"iteration":61,"passed_time":0.07454153154,"remaining_time":1.127741235},
{"learn":[5.901932711],"iteration":62,"passed_time":0.07485045438,"remaining_time":1.113251996},
{"learn":[5.873727795],"iteration":63,"passed_time":0.07516329397,"remaining_time":1.099263174},
{"learn":[5.846485734],"iteration":64,"passed_time":0.07544892468,"remaining_time":1.085303763},
{"learn":[5.820630862],"iteration":65,"passed_time":0.07576330596,"remaining_time":1.072165572},
{"learn":[5.793646238],"iteration":66,"passed_time":0.07606052024,"remaining_time":1.059171125},
{"learn":[5.765388646],"iteration":67,"passed_time":0.07642411084,"remaining_time":1.047459872},
{"learn":[5.747073912],"iteration":68,"passed_time":0.07675436744,"remaining_time":1.035627769},
{"learn":[5.722315217],"iteration":69,"passed_time":0.07700378909,"remaining_time":1.023050341},
{"learn":[5.699970599],"iteration":70,"passed_time":0.07732525385,"remaining_time":1.011762829},
{"learn":[5.682732647],"iteration":71,"passed_time":0.07765871885,"remaining_time":1.000934598},
{"learn":[5.663525791],"iteration":72,"passed_time":0.07797268346,"remaining_time":0.990146268},
{"learn":[5.642381613],"iteration":73,"passed_time":0.07827077275,"remaining_time":0.9794423725},
{"learn":[5.621404779],"iteration":74,"passed_time":0.07857265378,"remaining_time":0.96906273},
{"learn":[5.602460129],"iteration":75,"passed_time":0.07885690946,"remaining_time":0.9587340045},
{"learn":[5.587337574],"iteration":76,"passed_time":0.07912816488,"remaining_time":0.9485103401},
{"learn":[5.572393026],"iteration":77,"passed_time":0.07939142015,"remaining_time":0.9384472997},
{"learn":[5.558425806],"iteration":78,"passed_time":0.07964200849,"remaining_time":0.9284846812},
{"learn":[5.541518902],"iteration":79,"passed_time":0.07995372305,"remaining_time":0.9194678151},
{"learn":[5.526157283],"iteration":80,"passed_time":0.08025472907,"remaining_time":0.9105443952},
{"learn":[5.511746977],"iteration":81,"passed_time":0.08058027724,"remaining_time":0.9021060306},
{"learn":[5.504975022],"iteration":82,"passed_time":0.08071036317,"remaining_time":0.891703651},
{"learn":[5.493980522],"iteration":83,"passed_time":0.08096649329,"remaining_time":0.8829203316},
{"learn":[5.480745463],"iteration":84,"passed_time":0.08127820786,"remaining_time":0.8749360022},
{"learn":[5.464052013],"iteration":85,"passed_time":0.08160942281,"remaining_time":0.8673373541},
{"learn":[5.449143727],"iteration":86,"passed_time":0.08192522079,"remaining_time":0.8597439837},
{"learn":[5.438255432],"iteration":87,"passed_time":0.0821325166,"remaining_time":0.8511915357},
{"learn":[5.425927931],"iteration":88,"passed_time":0.08238748003,"remaining_time":0.8433145428},
{"learn":[5.412331217],"iteration":89,"passed_time":0.08260002594,"remaining_time":0.8351780401},
{"learn":[5.400691499],"iteration":90,"passed_time":0.08284298913,"remaining_time":0.8275195288},
{"learn":[5.391618744],"iteration":91,"passed_time":0.08305949346,"remaining_time":0.8197610876},
{"learn":[5.380766572],"iteration":92,"passed_time":0.08332245705,"remaining_time":0.8126179413},
{"learn":[5.372207183],"iteration":93,"passed_time":0.08363442162,"remaining_time":0.8060934679},
{"learn":[5.362918837],"iteration":94,"passed_time":0.08397363673,"remaining_time":0.7999593815},
{"learn":[5.348292324],"iteration":95,"passed_time":0.0843103518,"remaining_time":0.7939224794},
{"learn":[5.339772295],"iteration":96,"passed_time":0.08454002305,"remaining_time":0.7870066064},
{"learn":[5.331515983],"iteration":97,"passed_time":0.08482465374,"remaining_time":0.7807330375},
{"learn":[5.323861644],"iteration":98,"passed_time":0.08505736673,"remaining_time":0.7741079537},
{"learn":[5.313277281],"iteration":99,"passed_time":0.08529912156,"remaining_time":0.767692094},
{"learn":[5.30685627],"iteration":100,"passed_time":0.08549591716,"remaining_time":0.7609983121},
{"learn":[5.29652059],"iteration":101,"passed_time":0.08579658983,"remaining_time":0.7553464478},
{"learn":[5.288350766],"iteration":102,"passed_time":0.08606901195,"remaining_time":0.7495524633},
{"learn":[5.27993346],"iteration":103,"passed_time":0.08630197494,"remaining_time":0.7435247071},
{"learn":[5.271789139],"iteration":104,"passed_time":0.08655168826,"remaining_time":0.7377501047},
{"learn":[5.262684686],"iteration":105,"passed_time":0.08680494332,"remaining_time":0.7321096163},
{"learn":[5.251619772],"iteration":106,"passed_time":0.0871106161,"remaining_time":0.7270072914},
{"learn":[5.241012171],"iteration":107,"passed_time":0.08742812244,"remaining_time":0.7220915298},
{"learn":[5.232684032],"iteration":108,"passed_time":0.08774183705,"remaining_time":0.717229145},
{"learn":[5.224267141],"iteration":109,"passed_time":0.0880911357,"remaining_time":0.7127373706},
{"learn":[5.216324968],"iteration":110,"passed_time":0.08862072961,"remaining_time":0.7097642219},
{"learn":[5.211102527],"iteration":111,"passed_time":0.08894623612,"remaining_time":0.7052165864},
{"learn":[5.206364257],"iteration":112,"passed_time":0.08924753381,"remaining_time":0.7005536503},
{"learn":[5.196937641],"iteration":113,"passed_time":0.08954903984,"remaining_time":0.6959688535},
{"learn":[5.190746047],"iteration":114,"passed_time":0.08980967004,"remaining_time":0.6911439825},
{"learn":[5.181885213],"iteration":115,"passed_time":0.09013617657,"remaining_time":0.6868998283},
{"learn":[5.178293568],"iteration":116,"passed_time":0.09037630637,"remaining_time":0.6820707566},
{"learn":[5.170991438],"iteration":117,"passed_time":0.09059468573,"remaining_time":0.6771568883},
{"learn":[5.166257212],"iteration":118,"passed_time":0.09082614869,"remaining_time":0.6724187983},
{"learn":[5.161421246],"iteration":119,"passed_time":0.0911134461,"remaining_time":0.6681652714},
{"learn":[5.158223542],"iteration":120,"passed_time":0.09136732618,"remaining_time":0.6637345431},
{"learn":[5.15470988],"iteration":121,"passed_time":0.09162237294,"remaining_time":0.659380684},
{"learn":[5.146388143],"iteration":122,"passed_time":0.09196700483,"remaining_time":0.6557322214},
{"learn":[5.139529364],"iteration":123,"passed_time":0.09226617748,"remaining_time":0.6518158989},
{"learn":[5.134276023],"iteration":124,"passed_time":0.09254359969,"remaining_time":0.6478051978},
{"learn":[5.128536065],"iteration":125,"passed_time":0.09288656488,"remaining_time":0.6443083945},
{"learn":[5.123300353],"iteration":126,"passed_time":0.09306815184,"remaining_time":0.6397519414},
{"learn":[5.116200518],"iteration":127,"passed_time":0.09331432343,"remaining_time":0.6357038283},
{"learn":[5.108728704],"iteration":128,"passed_time":0.09355707828,"remaining_time":0.6316915905},
{"learn":[5.104075866],"iteration":129,"passed_time":0.09381341673,"remaining_time":0.6278282505},
{"learn":[5.100317606],"iteration":130,"passed_time":0.09405700494,"remaining_time":0.6239353992},
{"learn":[5.095814182],"iteration":131,"passed_time":0.09436201103,"remaining_time":0.6205017089},
{"learn":[5.092146915],"iteration":132,"passed_time":0.09458084874,"remaining_time":0.6165533523},
{"learn":[5.085258329],"iteration":133,"passed_time":0.09487618798,"remaining_time":0.6131550656},
{"learn":[5.079219421],"iteration":134,"passed_time":0.09514486001,"remaining_time":0.6096318808},
{"learn":[5.076476829],"iteration":135,"passed_time":0.09543869922,"remaining_time":0.6063164421},
{"learn":[5.072133867],"iteration":136,"passed_time":0.0956747456,"remaining_time":0.6026810617},
{"learn":[5.067031564],"iteration":137,"passed_time":0.09598546015,"remaining_time":0.5995613525},
{"learn":[5.061358312],"iteration":138,"passed_time":0.0962983414,"remaining_time":0.5964954816},
{"learn":[5.056759124],"iteration":139,"passed_time":0.0966385982,"remaining_time":0.5936371032},
{"learn":[5.050254],"iteration":140,"passed_time":0.09687260288,"remaining_time":0.5901671339},
{"learn":[5.048376474],"iteration":141,"passed_time":0.09700331383,"remaining_time":0.5861186145},
{"learn":[5.042603751],"iteration":142,"passed_time":0.09725090211,"remaining_time":0.5828253364},
{"learn":[5.037477349],"iteration":143,"passed_time":0.09760153412,"remaining_time":0.5801868972},
{"learn":[5.03230489],"iteration":144,"passed_time":0.09780941327,"remaining_time":0.5767382645},
{"learn":[5.025976187],"iteration":145,"passed_time":0.09806225166,"remaining_time":0.5735970063},
{"learn":[5.01952451],"iteration":146,"passed_time":0.09829933973,"remaining_time":0.5704036516},
{"learn":[5.017569424],"iteration":147,"passed_time":0.09853626113,"remaining_time":0.5672492871},
{"learn":[5.008962367],"iteration":148,"passed_time":0.09885410082,"remaining_time":0.5645962402},
{"learn":[5.003880266],"iteration":149,"passed_time":0.09915352347,"remaining_time":0.5618699663},
{"learn":[4.996387564],"iteration":150,"passed_time":0.09951257231,"remaining_time":0.5595110854},
{"learn":[4.993361683],"iteration":151,"passed_time":0.09980995326,"remaining_time":0.5568344761},
{"learn":[4.99005752],"iteration":152,"passed_time":0.1000562082,"remaining_time":0.5539059368},
{"learn":[4.986908764],"iteration":153,"passed_time":0.1003722145,"remaining_time":0.5513954121},
{"learn":[4.985207175],"iteration":154,"passed_time":0.1006607203,"remaining_time":0.5487632814},
{"learn":[4.979003494],"iteration":155,"passed_time":0.1009711431,"remaining_time":0.5462797744},
{"learn":[4.973142217],"iteration":156,"passed_time":0.1013046498,"remaining_time":0.5439478967},
{"learn":[4.967056696],"iteration":157,"passed_time":0.1016019057,"remaining_time":0.5414481306},
{"learn":[4.961460696],"iteration":158,"passed_time":0.1019092452,"remaining_time":0.5390294039},
{"learn":[4.954240363],"iteration":159,"passed_time":0.1021507917,"remaining_time":0.5362916565},
{"learn":[4.952320707],"iteration":160,"passed_time":0.1022902945,"remaining_time":0.5330531496},
{"learn":[4.948337777],"iteration":161,"passed_time":0.1025765086,"remaining_time":0.5306118158},
{"learn":[4.943228639],"iteration":162,"passed_time":0.1028425139,"remaining_time":0.528093154},
{"learn":[4.938545759],"iteration":163,"passed_time":0.1031103109,"remaining_time":0.525611097},
{"learn":[4.935330572],"iteration":164,"passed_time":0.1033613992,"remaining_time":0.5230713234},
{"learn":[4.932051543],"iteration":165,"passed_time":0.1035869454,"remaining_time":0.520430798},
{"learn":[4.928964153],"iteration":166,"passed_time":0.1038802846,"remaining_time":0.5181573478},
{"learn":[4.922860227],"iteration":167,"passed_time":0.1042149163,"remaining_time":0.5161119664},
{"learn":[4.917668772],"iteration":168,"passed_time":0.1044841717,"remaining_time":0.5137653649},
{"learn":[4.910365386],"iteration":169,"passed_time":0.1046920092,"remaining_time":0.5111433389},
{"learn":[4.906457206],"iteration":170,"passed_time":0.1049187637,"remaining_time":0.5086412579},
{"learn":[4.901996508],"iteration":171,"passed_time":0.1052363117,"remaining_time":0.5066027099},
{"learn":[4.896816173],"iteration":172,"passed_time":0.1054637329,"remaining_time":0.5041532204},
{"learn":[4.891123132],"iteration":173,"passed_time":0.1056836123,"remaining_time":0.50169347},
{"learn":[4.887630202],"iteration":174,"passed_time":0.1059076168,"remaining_time":0.4992787649},
{"learn":[4.885259712],"iteration":175,"passed_time":0.1061501216,"remaining_time":0.4969755695},
{"learn":[4.880659728],"iteration":176,"passed_time":0.1064360024,"remaining_time":0.4948973443},
{"learn":[4.877299723],"iteration":177,"passed_time":0.1066582985,"remaining_time":0.4925456255},
{"learn":[4.874038772],"iteration":178,"passed_time":0.1069266788,"remaining_time":0.4904290688},
{"learn":[4.86943698],"iteration":179,"passed_time":0.1072621439,"remaining_time":0.4886386554},
{"learn":[4.861268711],"iteration":180,"passed_time":0.1075664416,"remaining_time":0.4867232911},
{"learn":[4.858673056],"iteration":181,"passed_time":0.1079500743,"remaining_time":0.485182202},
{"learn":[4.854036207],"iteration":182,"passed_time":0.1082444968,"remaining_time":0.4832554859},
{"learn":[4.85130244],"iteration":183,"passed_time":0.108502627,"remaining_time":0.4811855632},
{"learn":[4.847510084],"iteration":184,"passed_time":0.1087268815,"remaining_time":0.4789859914},
{"learn":[4.845691673],"iteration":185,"passed_time":0.1090140539,"remaining_time":0.47708301},
{"learn":[4.842058646],"iteration":186,"passed_time":0.1093152266,"remaining_time":0.4752581776},
{"learn":[4.838623675],"iteration":187,"passed_time":0.1096143159,"remaining_time":0.4734405558},
{"learn":[4.834602161],"iteration":188,"passed_time":0.109904655,"remaining_time":0.4716014562},
{"learn":[4.830858976],"iteration":189,"passed_time":0.1101449098,"remaining_time":0.4695651419},
{"learn":[4.827590511],"iteration":190,"passed_time":0.1104491659,"remaining_time":0.4678187184},
{"learn":[4.822246226],"iteration":191,"passed_time":0.1107324632,"remaining_time":0.4659991161},
{"learn":[4.816686395],"iteration":192,"passed_time":0.1109935935,"remaining_time":0.4641027457},
{"learn":[4.814797121],"iteration":193,"passed_time":0.1112984745,"remaining_time":0.4624050025},
{"learn":[4.811639392],"iteration":194,"passed_time":0.1115921887,"remaining_time":0.4606754459},
{"learn":[4.804813432],"iteration":195,"passed_time":0.1118824029,"remaining_time":0.4589461833},
{"learn":[4.80251613],"iteration":196,"passed_time":0.1122094511,"remaining_time":0.4573816712},
{"learn":[4.800087884],"iteration":197,"passed_time":0.1125384577,"remaining_time":0.4558375911},
{"learn":[4.794773135],"iteration":198,"passed_time":0.1128237134,"remaining_time":0.4541296201},
{"learn":[4.791664833],"iteration":199,"passed_time":0.1130770518,"remaining_time":0.452308207},
{"learn":[4.785989873],"iteration":200,"passed_time":0.1133669742,"remaining_time":0.4506478229},
{"learn":[4.782387142],"iteration":201,"passed_time":0.1136306878,"remaining_time":0.4488974697},
{"learn":[4.778623704],"iteration":202,"passed_time":0.1139782781,"remaining_time":0.4474910722},
{"learn":[4.775772178],"iteration":203,"passed_time":0.114221658,"remaining_time":0.4456884301},
{"learn":[4.77023101],"iteration":204,"passed_time":0.1144967885,"remaining_time":0.4440241309},
{"learn":[4.764496689],"iteration":205,"passed_time":0.1147672522,"remaining_time":0.4423553313},
{"learn":[4.763138716],"iteration":206,"passed_time":0.115054508,"remaining_time":0.440764371},
{"learn":[4.758053283],"iteration":207,"passed_time":0.1153311801,"remaining_time":0.4391456475},
{"learn":[4.755063788],"iteration":208,"passed_time":0.1155689349,"remaining_time":0.4373924761},
{"learn":[4.752465267],"iteration":209,"passed_time":0.1157892726,"remaining_time":0.4355882161},
{"learn":[4.748067377],"iteration":210,"passed_time":0.1160508612,"remaining_time":0.4339532203},
{"learn":[4.744163298],"iteration":211,"passed_time":0.1163257417,"remaining_time":0.432380587},
{"learn":[4.736670896],"iteration":212,"passed_time":0.1165885803,"remaining_time":0.4307756464},
{"learn":[4.73349255],"iteration":213,"passed_time":0.1168532939,"remaining_time":0.4291901356},
{"learn":[4.731864595],"iteration":214,"passed_time":0.1171249243,"remaining_time":0.4276421656},
{"learn":[4.728398311],"iteration":215,"passed_time":0.1173883879,"remaining_time":0.426076371},
{"learn":[4.723865975],"iteration":216,"passed_time":0.1182999062,"remaining_time":0.4268609517},
{"learn":[4.723483365],"iteration":217,"passed_time":0.1185809951,"remaining_time":0.4253685237},
{"learn":[4.72095416],"iteration":218,"passed_time":0.118825875,"remaining_time":0.4237580291},
{"learn":[4.716173382],"iteration":219,"passed_time":0.1198523538,"remaining_time":0.4249310727},
{"learn":[4.710563974],"iteration":220,"passed_time":0.1201656101,"remaining_time":0.4235701822},
{"learn":[4.707160263],"iteration":221,"passed_time":0.1204714912,"remaining_time":0.4221928837},
{"learn":[4.70408351],"iteration":222,"passed_time":0.120762372,"remaining_time":0.4207729286},
{"learn":[4.702501831],"iteration":223,"passed_time":0.121008377,"remaining_time":0.4192075916},
{"learn":[4.700269738],"iteration":224,"passed_time":0.1213185082,"remaining_time":0.4178748614},
{"learn":[4.695346302],"iteration":225,"passed_time":0.1215851385,"remaining_time":0.4164021999},
{"learn":[4.689769299],"iteration":226,"passed_time":0.1218061846,"remaining_time":0.4147849369},
{"learn":[4.687919514],"iteration":227,"passed_time":0.12207594,"remaining_time":0.4133448493},
{"learn":[4.682982074],"iteration":228,"passed_time":0.1223649457,"remaining_time":0.4119797955},
{"learn":[4.679578702],"iteration":229,"passed_time":0.122697244,"remaining_time":0.4107690344},
{"learn":[4.675751423],"iteration":230,"passed_time":0.1230189588,"remaining_time":0.4095306464},
{"learn":[4.672710726],"iteration":231,"passed_time":0.1233007561,"remaining_time":0.4081680202},
{"learn":[4.6690533],"iteration":232,"passed_time":0.1235664697,"remaining_time":0.4067617266},
{"learn":[4.667595702],"iteration":233,"passed_time":0.1239023931,"remaining_time":0.4055950134},
{"learn":[4.664241291],"iteration":234,"passed_time":0.1241094389,"remaining_time":0.4040158331},
{"learn":[4.662246999],"iteration":235,"passed_time":0.1244326537,"remaining_time":0.4028243536},
{"learn":[4.658668443],"iteration":236,"passed_time":0.1247111176,"remaining_time":0.4014961297},
{"learn":[4.658017572],"iteration":237,"passed_time":0.1249850814,"remaining_time":0.4001623196},
{"learn":[4.657656705],"iteration":238,"passed_time":0.1252707121,"remaining_time":0.398874527},
{"learn":[4.653242871],"iteration":239,"passed_time":0.125545301,"remaining_time":0.3975601197},
{"learn":[4.6507302],"iteration":240,"passed_time":0.1258099729,"remaining_time":0.3962231097},
{"learn":[4.647671336],"iteration":241,"passed_time":0.1260791033,"remaining_time":0.3949089269},
{"learn":[4.645506007],"iteration":242,"passed_time":0.1263568172,"remaining_time":0.3936300848},
{"learn":[4.641297906],"iteration":243,"passed_time":0.1266224475,"remaining_time":0.3923220095},
{"learn":[4.63798107],"iteration":244,"passed_time":0.1268937446,"remaining_time":0.3910399068},
{"learn":[4.635062318],"iteration":245,"passed_time":0.1271884588,"remaining_time":0.3898377965},
{"learn":[4.631606017],"iteration":246,"passed_time":0.1274658394,"remaining_time":0.3885901904},
{"learn":[4.630215494],"iteration":247,"passed_time":0.127716386,"remaining_time":0.3872690415},
{"learn":[4.62729814],"iteration":248,"passed_time":0.1280041001,"remaining_time":0.3860685911},
{"learn":[4.624691756],"iteration":249,"passed_time":0.1282873974,"remaining_time":0.3848621923},
{"learn":[4.621840053],"iteration":250,"passed_time":0.1285371108,"remaining_time":0.3835629321},
{"learn":[4.619602091],"iteration":251,"passed_time":0.1288199914,"remaining_time":0.3823704507},
{"learn":[4.613584029],"iteration":252,"passed_time":0.1291411645,"remaining_time":0.3812982209},
{"learn":[4.6119388],"iteration":253,"passed_time":0.1294561708,"remaining_time":0.380213793},
{"learn":[4.60870702],"iteration":254,"passed_time":0.1297551351,"remaining_time":0.379088532},
{"learn":[4.604771557],"iteration":255,"passed_time":0.130048016,"remaining_time":0.3779520464},
{"learn":[4.604231277],"iteration":256,"passed_time":0.1303599389,"remaining_time":0.3768771773},
{"learn":[4.600750354],"iteration":257,"passed_time":0.1306395695,"remaining_time":0.3757153509},
{"learn":[4.596488253],"iteration":258,"passed_time":0.1309164083,"remaining_time":0.3745523497},
{"learn":[4.59470784],"iteration":259,"passed_time":0.1312172477,"remaining_time":0.3734644741},
{"learn":[4.588818005],"iteration":260,"passed_time":0.1314783362,"remaining_time":0.3722700784},
{"learn":[4.585054174],"iteration":261,"passed_time":0.1317695504,"remaining_time":0.3711676648},
{"learn":[4.581471435],"iteration":262,"passed_time":0.1320387641,"remaining_time":0.3700097686},
{"learn":[4.577555199],"iteration":263,"passed_time":0.132332395,"remaining_time":0.3689266768},
{"learn":[4.57457145],"iteration":264,"passed_time":0.1326590682,"remaining_time":0.367941189},
{"learn":[4.573029224],"iteration":265,"passed_time":0.1329401988,"remaining_time":0.3668349846},
{"learn":[4.571326203],"iteration":266,"passed_time":0.1332373714,"remaining_time":0.3657790008},
{"learn":[4.571019224],"iteration":267,"passed_time":0.1335355857,"remaining_time":0.364731525},
{"learn":[4.565766631],"iteration":268,"passed_time":0.1339052181,"remaining_time":0.3638836967},
{"learn":[4.563383471],"iteration":269,"passed_time":0.1342161826,"remaining_time":0.36288079},
{"learn":[4.558165805],"iteration":270,"passed_time":0.1344628542,"remaining_time":0.3617100395},
{"learn":[4.55629209],"iteration":271,"passed_time":0.1347388181,"remaining_time":0.3606244836},
{"learn":[4.549383848],"iteration":272,"passed_time":0.1349946565,"remaining_time":0.3594912647},
{"learn":[4.546227503],"iteration":273,"passed_time":0.1352608702,"remaining_time":0.3583919406},
{"learn":[4.540620977],"iteration":274,"passed_time":0.1355234587,"remaining_time":0.3572891185},
{"learn":[4.532898237],"iteration":275,"passed_time":0.1358219647,"remaining_time":0.3562866031},
{"learn":[4.529757367],"iteration":276,"passed_time":0.1360773448,"remaining_time":0.3551766076},
{"learn":[4.52579294],"iteration":277,"passed_time":0.1363421834,"remaining_time":0.3540973253},
{"learn":[4.521572155],"iteration":278,"passed_time":0.1366518146,"remaining_time":0.3531396356},
{"learn":[4.518818099],"iteration":279,"passed_time":0.1369612791,"remaining_time":0.3521861464},
{"learn":[4.514012334],"iteration":280,"passed_time":0.1373058694,"remaining_time":0.3513271177},
{"learn":[4.508331416],"iteration":281,"passed_time":0.1376957522,"remaining_time":0.3505870569},
{"learn":[4.506038537],"iteration":282,"passed_time":0.1380229254,"remaining_time":0.3496905918},
{"learn":[4.505805643],"iteration":283,"passed_time":0.1382773054,"remaining_time":0.3486146151},
{"learn":[4.501550352],"iteration":284,"passed_time":0.1385536443,"remaining_time":0.3475994936},
{"learn":[4.494692643],"iteration":285,"passed_time":0.1389081514,"remaining_time":0.3467846856},
{"learn":[4.489330245],"iteration":286,"passed_time":0.1391530313,"remaining_time":0.3457007362},
{"learn":[4.484826955],"iteration":287,"passed_time":0.1394857463,"remaining_time":0.3448397616},
{"learn":[4.478285428],"iteration":288,"passed_time":0.1397656269,"remaining_time":0.3438524592},
{"learn":[4.475311671],"iteration":289,"passed_time":0.140054841,"remaining_time":0.3428928865},
{"learn":[4.471581298],"iteration":290,"passed_time":0.1403483885,"remaining_time":0.3419484792},
{"learn":[4.469164956],"iteration":291,"passed_time":0.1406197689,"remaining_time":0.3409547822},
{"learn":[4.462068024],"iteration":292,"passed_time":0.1409002745,"remaining_time":0.3399880345},
{"learn":[4.458540976],"iteration":293,"passed_time":0.1411794885,"remaining_time":0.3390228532},
{"learn":[4.455757458],"iteration":294,"passed_time":0.141473161,"remaining_time":0.3380968763},
{"learn":[4.453027414],"iteration":295,"passed_time":0.1417676252,"remaining_time":0.3371770545},
{"learn":[4.450659338],"iteration":296,"passed_time":0.1420336722,"remaining_time":0.3361941803},
{"learn":[4.444696901],"iteration":297,"passed_time":0.142371929,"remaining_time":0.3353862219},
{"learn":[4.442052813],"iteration":298,"passed_time":0.1426987688,"remaining_time":0.3345546386},
{"learn":[4.440036756],"iteration":299,"passed_time":0.1429442321,"remaining_time":0.3335365415},
{"learn":[4.435017051],"iteration":300,"passed_time":0.1432049039,"remaining_time":0.3325588965},
{"learn":[4.429962125],"iteration":301,"passed_time":0.1434683259,"remaining_time":0.3315923558},
{"learn":[4.427666256],"iteration":302,"passed_time":0.1437078307,"remaining_time":0.3305754388},
{"learn":[4.425030004],"iteration":303,"passed_time":0.1439616691,"remaining_time":0.3295964528},
{"learn":[4.422588771],"iteration":304,"passed_time":0.144192382,"remaining_time":0.3285695262},
{"learn":[4.418936667],"iteration":305,"passed_time":0.1444240533,"remaining_time":0.3275499771},
{"learn":[4.416887976],"iteration":306,"passed_time":0.1447682685,"remaining_time":0.3267896094},
{"learn":[4.413773354],"iteration":307,"passed_time":0.1450581076,"remaining_time":0.3259097743},
{"learn":[4.411129391],"iteration":308,"passed_time":0.1453097377,"remaining_time":0.324948313},
{"learn":[4.40850819],"iteration":309,"passed_time":0.1455969517,"remaining_time":0.3240706345},
{"learn":[4.404880292],"iteration":310,"passed_time":0.1459142914,"remaining_time":0.3232634945},
{"learn":[4.404593827],"iteration":311,"passed_time":0.1462300061,"remaining_time":0.3224559108},
{"learn":[4.402139942],"iteration":312,"passed_time":0.1465017615,"remaining_time":0.3215549845},
{"learn":[4.400284725],"iteration":313,"passed_time":0.146825768,"remaining_time":0.3207722192},
{"learn":[4.395805521],"iteration":314,"passed_time":0.1471849001,"remaining_time":0.3200687511},
{"learn":[4.392838833],"iteration":315,"passed_time":0.1474719476,"remaining_time":0.3192114308},
{"learn":[4.389213061],"iteration":316,"passed_time":0.1477586199,"remaining_time":0.3183569004},
{"learn":[4.3861981],"iteration":317,"passed_time":0.1480766263,"remaining_time":0.3175731419},
{"learn":[4.385054234],"iteration":318,"passed_time":0.1483874242,"remaining_time":0.316776915},
{"learn":[4.379364607],"iteration":319,"passed_time":0.1487162641,"remaining_time":0.3160220612},
{"learn":[4.378387619],"iteration":320,"passed_time":0.1490426873,"remaining_time":0.3152647497},
{"learn":[4.375816727],"iteration":321,"passed_time":0.1493300264,"remaining_time":0.3144278195},
{"learn":[4.374600202],"iteration":322,"passed_time":0.1496725332,"remaining_time":0.3137099225},
{"learn":[4.37098897],"iteration":323,"passed_time":0.1500369155,"remaining_time":0.3130399842},
{"learn":[4.367418484],"iteration":324,"passed_time":0.1503511718,"remaining_time":0.3122678183},
{"learn":[4.363584638],"iteration":325,"passed_time":0.1506080936,"remaining_time":0.3113799235},
{"learn":[4.360770706],"iteration":326,"passed_time":0.1508874325,"remaining_time":0.3105420247},
{"learn":[4.358675808],"iteration":327,"passed_time":0.1512085639,"remaining_time":0.3097931553},
{"learn":[4.354228195],"iteration":328,"passed_time":0.1514216515,"remaining_time":0.3088265293},
{"learn":[4.353773425],"iteration":329,"passed_time":0.1517059072,"remaining_time":0.3080089631},
{"learn":[4.351648009],"iteration":330,"passed_time":0.15193087,"remaining_time":0.3070747796},
{"learn":[4.348209927],"iteration":331,"passed_time":0.1522610849,"remaining_time":0.3063566408},
{"learn":[4.345852733],"iteration":332,"passed_time":0.1525242569,"remaining_time":0.3055065445},
{"learn":[4.34237339],"iteration":333,"passed_time":0.1528208878,"remaining_time":0.3047266805},
{"learn":[4.340814362],"iteration":334,"passed_time":0.153114477,"remaining_time":0.3039436633},
{"learn":[4.339707068],"iteration":335,"passed_time":0.1533906075,"remaining_time":0.3031290577},
{"learn":[4.335430786],"iteration":336,"passed_time":0.1537196558,"remaining_time":0.302421756},
{"learn":[4.33521887],"iteration":337,"passed_time":0.1540755379,"remaining_time":0.3017692487},
{"learn":[4.328507238],"iteration":338,"passed_time":0.1543693354,"remaining_time":0.3009974357},
{"learn":[4.326140732],"iteration":339,"passed_time":0.1546126319,"remaining_time":0.3001304032},
{"learn":[4.323785636],"iteration":340,"passed_time":0.1549654723,"remaining_time":0.299478728},
{"learn":[4.320632534],"iteration":341,"passed_time":0.1552562698,"remaining_time":0.2987094314},
{"learn":[4.31973724],"iteration":342,"passed_time":0.1555051498,"remaining_time":0.2978626338},
{"learn":[4.318000924],"iteration":343,"passed_time":0.1557555715,"remaining_time":0.2970222525},
{"learn":[4.312713628],"iteration":344,"passed_time":0.1560883698,"remaining_time":0.2963416875},
{"learn":[4.308220789],"iteration":345,"passed_time":0.15635025,"remaining_time":0.2955290853},
{"learn":[4.305890947],"iteration":346,"passed_time":0.1566114219,"remaining_time":0.2947183242},
{"learn":[4.305137856],"iteration":347,"passed_time":0.1568880524,"remaining_time":0.2939396844},
{"learn":[4.304787172],"iteration":348,"passed_time":0.1571088068,"remaining_time":0.2930596941},
{"learn":[4.30350134],"iteration":349,"passed_time":0.1574465636,"remaining_time":0.2924007609},
{"learn":[4.30293809],"iteration":350,"passed_time":0.1576891101,"remaining_time":0.2915676138},
{"learn":[4.299548459],"iteration":351,"passed_time":0.1579764908,"remaining_time":0.2908203581},
{"learn":[4.294768408],"iteration":352,"passed_time":0.1582221208,"remaining_time":0.2899991845},
{"learn":[4.294581479],"iteration":353,"passed_time":0.1585442939,"remaining_time":0.289320943},
{"learn":[4.292551604],"iteration":354,"passed_time":0.1588244245,"remaining_time":0.2885683205},
{"learn":[4.288628894],"iteration":355,"passed_time":0.1591461392,"remaining_time":0.2878935777},
{"learn":[4.287802767],"iteration":356,"passed_time":0.159402561,"remaining_time":0.2871032121},
{"learn":[4.284566905],"iteration":357,"passed_time":0.159718609,"remaining_time":0.2864227569},
{"learn":[4.27890232],"iteration":358,"passed_time":0.1600187817,"remaining_time":0.2857159862},
{"learn":[4.276938023],"iteration":359,"passed_time":0.1603410798,"remaining_time":0.2850508085},
{"learn":[4.273425094],"iteration":360,"passed_time":0.1606712947,"remaining_time":0.2844015438},
{"learn":[4.269726505],"iteration":361,"passed_time":0.1609014243,"remaining_time":0.2835776484},
{"learn":[4.265565857],"iteration":362,"passed_time":0.1611435958,"remaining_time":0.2827781557},
{"learn":[4.262117173],"iteration":363,"passed_time":0.1613846423,"remaining_time":0.2819797596},
{"learn":[4.259185148],"iteration":364,"passed_time":0.1616579811,"remaining_time":0.2812405972},
{"learn":[4.257668507],"iteration":365,"passed_time":0.1619785708,"remaining_time":0.2805858303},
{"learn":[4.253432436],"iteration":366,"passed_time":0.1622337843,"remaining_time":0.2798201238},
{"learn":[4.250216667],"iteration":367,"passed_time":0.1625307485,"remaining_time":0.2791288942},
{"learn":[4.24514828],"iteration":368,"passed_time":0.1628147125,"remaining_time":0.2784175708},
{"learn":[4.244015772],"iteration":369,"passed_time":0.1630936348,"remaining_time":0.2776999727},
{"learn":[4.240329192],"iteration":370,"passed_time":0.1633240561,"remaining_time":0.2769025101},
{"learn":[4.236718014],"iteration":371,"passed_time":0.1635880197,"remaining_time":0.2761647214},
{"learn":[4.233495944],"iteration":372,"passed_time":0.1638133575,"remaining_time":0.2753645447},
{"learn":[4.230357491],"iteration":373,"passed_time":0.1640754461,"remaining_time":0.2746289552},
{"learn":[4.227381215],"iteration":374,"passed_time":0.1643819105,"remaining_time":0.2739698509},
{"learn":[4.226169067],"iteration":375,"passed_time":0.164621582,"remaining_time":0.2732017744},
{"learn":[4.225963861],"iteration":376,"passed_time":0.1649187963,"remaining_time":0.2725315917},
{"learn":[4.224346548],"iteration":377,"passed_time":0.1652127605,"remaining_time":0.2718580344},
{"learn":[4.222595381],"iteration":378,"passed_time":0.1655266001,"remaining_time":0.2712190466},
{"learn":[4.219700938],"iteration":379,"passed_time":0.1658344396,"remaining_time":0.2705719803},
{"learn":[4.216356207],"iteration":380,"passed_time":0.1661230287,"remaining_time":0.2698954193},
{"learn":[4.214326494],"iteration":381,"passed_time":0.1663817005,"remaining_time":0.2691724893},
{"learn":[4.212901398],"iteration":382,"passed_time":0.1666173719,"remaining_time":0.2684149307},
{"learn":[4.211331091],"iteration":383,"passed_time":0.1669016276,"remaining_time":0.2677380276},
{"learn":[4.208624791],"iteration":384,"passed_time":0.1671622994,"remaining_time":0.2670254913},
{"learn":[4.204659106],"iteration":385,"passed_time":0.1673619701,"remaining_time":0.2662182633},
{"learn":[4.202968852],"iteration":386,"passed_time":0.1676273504,"remaining_time":0.2655182579},
{"learn":[4.197261935],"iteration":387,"passed_time":0.1678788138,"remaining_time":0.2647985413},
{"learn":[4.196934403],"iteration":388,"passed_time":0.1681848615,"remaining_time":0.2641669676},
{"learn":[4.192479929],"iteration":389,"passed_time":0.1684417,"remaining_time":0.2634600949},
{"learn":[4.190243116],"iteration":390,"passed_time":0.168673663,"remaining_time":0.2627167794},
{"learn":[4.185852431],"iteration":391,"passed_time":0.1689539603,"remaining_time":0.2620510404},
{"learn":[4.180967944],"iteration":392,"passed_time":0.1692806334,"remaining_time":0.2614588919},
{"learn":[4.178283162],"iteration":393,"passed_time":0.1695318468,"remaining_time":0.2607520283},
{"learn":[4.176341157],"iteration":394,"passed_time":0.1697632264,"remaining_time":0.2600170936},
{"learn":[4.176041504],"iteration":395,"passed_time":0.1700393569,"remaining_time":0.2593529586},
{"learn":[4.175564513],"iteration":396,"passed_time":0.170294737,"remaining_time":0.2586592606},
{"learn":[4.170830274],"iteration":397,"passed_time":0.1705726593,"remaining_time":0.2580018615},
{"learn":[4.167804808],"iteration":398,"passed_time":0.1708370396,"remaining_time":0.2573259668},
{"learn":[4.165860548],"iteration":399,"passed_time":0.1711272954,"remaining_time":0.256690943},
{"learn":[4.160950571],"iteration":400,"passed_time":0.1714427183,"remaining_time":0.2560952326},
{"learn":[4.158544115],"iteration":401,"passed_time":0.1717797667,"remaining_time":0.2555330858},
{"learn":[4.154448767],"iteration":402,"passed_time":0.1721085233,"remaining_time":0.2549597727},
{"learn":[4.15197457],"iteration":403,"passed_time":0.1724297797,"remaining_time":0.2543766057},
{"learn":[4.149562679],"iteration":404,"passed_time":0.1726968684,"remaining_time":0.2537151523},
{"learn":[4.149327961],"iteration":405,"passed_time":0.1729622487,"remaining_time":0.2530531422},
{"learn":[4.147444889],"iteration":406,"passed_time":0.1732050452,"remaining_time":0.2523601764},
{"learn":[4.147254809],"iteration":407,"passed_time":0.1734445917,"remaining_time":0.2516647016},
{"learn":[4.144589165],"iteration":408,"passed_time":0.1737899319,"remaining_time":0.251124327},
{"learn":[4.141691034],"iteration":409,"passed_time":0.1741053549,"remaining_time":0.2505418521},
{"learn":[4.138893468],"iteration":410,"passed_time":0.1743529015,"remaining_time":0.2498634038},
{"learn":[4.136964597],"iteration":411,"passed_time":0.1746704495,"remaining_time":0.2492869522},
{"learn":[4.133773523],"iteration":412,"passed_time":0.1749334131,"remaining_time":0.2486341731},
{"learn":[4.131363444],"iteration":413,"passed_time":0.1752305024,"remaining_time":0.2480315806},
{"learn":[4.130228592],"iteration":414,"passed_time":0.1754892159,"remaining_time":0.2473763645},
{"learn":[4.12884186],"iteration":415,"passed_time":0.1757850551,"remaining_time":0.2467751735},
{"learn":[4.12413494],"iteration":416,"passed_time":0.1760358518,"remaining_time":0.2461124739},
{"learn":[4.119422508],"iteration":417,"passed_time":0.1762851484,"remaining_time":0.2454496565},
{"learn":[4.117038244],"iteration":418,"passed_time":0.1765757376,"remaining_time":0.2448460705},
{"learn":[4.116067631],"iteration":419,"passed_time":0.1768558265,"remaining_time":0.2442294747},
{"learn":[4.110343455],"iteration":420,"passed_time":0.177128832,"remaining_time":0.2436047357},
{"learn":[4.105604544],"iteration":421,"passed_time":0.1774027958,"remaining_time":0.2429829762},
{"learn":[4.103390131],"iteration":422,"passed_time":0.1776540508,"remaining_time":0.2423318849},
{"learn":[4.096724402],"iteration":423,"passed_time":0.1779513484,"remaining_time":0.241745228},
{"learn":[4.093431279],"iteration":424,"passed_time":0.1781876865,"remaining_time":0.2410774582},
{"learn":[4.091412744],"iteration":425,"passed_time":0.1784870675,"remaining_time":0.240496659},
{"learn":[4.091192901],"iteration":426,"passed_time":0.1787513644,"remaining_time":0.2398700979},
{"learn":[4.088994581],"iteration":427,"passed_time":0.1790522038,"remaining_time":0.2392940667},
{"learn":[4.087845355],"iteration":428,"passed_time":0.1793440846,"remaining_time":0.2387073946},
{"learn":[4.083650279],"iteration":429,"passed_time":0.1795937146,"remaining_time":0.2380660868},
{"learn":[4.079840652],"iteration":430,"passed_time":0.1798432612,"remaining_time":0.2374264864},
{"learn":[4.075707828],"iteration":431,"passed_time":0.1801288919,"remaining_time":0.2368361357},
{"learn":[4.071345409],"iteration":432,"passed_time":0.1803343544,"remaining_time":0.2361422146},
{"learn":[4.067460475],"iteration":433,"passed_time":0.1806364854,"remaining_time":0.2355766146},
{"learn":[4.064914749],"iteration":434,"passed_time":0.1808767402,"remaining_time":0.234931858},
{"learn":[4.063823175],"iteration":435,"passed_time":0.1812009134,"remaining_time":0.2343975118},
{"learn":[4.058898471],"iteration":436,"passed_time":0.1820941812,"remaining_time":0.234597309},
{"learn":[4.054120355],"iteration":437,"passed_time":0.1823004353,"remaining_time":0.2339106043},
{"learn":[4.052715901],"iteration":438,"passed_time":0.1825210231,"remaining_time":0.2332444054},
{"learn":[4.052114167],"iteration":439,"passed_time":0.1828258625,"remaining_time":0.2326874614},
{"learn":[4.051377267],"iteration":440,"passed_time":0.1830281166,"remaining_time":0.2320016262},
{"learn":[4.049275336],"iteration":441,"passed_time":0.1832428292,"remaining_time":0.2313337074},
{"learn":[4.047099198],"iteration":442,"passed_time":0.1834350414,"remaining_time":0.2306395441},
{"learn":[4.044348685],"iteration":443,"passed_time":0.1837001717,"remaining_time":0.2300389537},
{"learn":[4.042822379],"iteration":444,"passed_time":0.1839765938,"remaining_time":0.2294539541},
{"learn":[4.041258611],"iteration":445,"passed_time":0.1842493493,"remaining_time":0.2288657837},
{"learn":[4.040044254],"iteration":446,"passed_time":0.1845761058,"remaining_time":0.2283458311},
{"learn":[4.036860137],"iteration":447,"passed_time":0.1848236108,"remaining_time":0.2277290918},
{"learn":[4.036372284],"iteration":448,"passed_time":0.1851143666,"remaining_time":0.2271670735},
{"learn":[4.03368231],"iteration":449,"passed_time":0.1853592881,"remaining_time":0.2265502411},
{"learn":[4.032439519],"iteration":450,"passed_time":0.1856384187,"remaining_time":0.2259767004},
{"learn":[4.032008634],"iteration":451,"passed_time":0.1859210494,"remaining_time":0.2254087059},
{"learn":[4.030034932],"iteration":452,"passed_time":0.1861653043,"remaining_time":0.2247956323},
{"learn":[4.028173412],"iteration":453,"passed_time":0.1864574351,"remaining_time":0.2242417612},
{"learn":[4.023806097],"iteration":454,"passed_time":0.1867657746,"remaining_time":0.2237084553},
{"learn":[4.020239186],"iteration":455,"passed_time":0.1871089065,"remaining_time":0.2232176428},
{"learn":[4.017384838],"iteration":456,"passed_time":0.1873745368,"remaining_time":0.2226353905},
{"learn":[4.016468229],"iteration":457,"passed_time":0.1875944995,"remaining_time":0.2220004776},
{"learn":[4.014530169],"iteration":458,"passed_time":0.1878036287,"remaining_time":0.2213546037},
{"learn":[4.012884822],"iteration":459,"passed_time":0.1880200913,"remaining_time":0.2207192376},
{"learn":[4.008924707],"iteration":460,"passed_time":0.1882698047,"remaining_time":0.2201245655},
{"learn":[4.008286778],"iteration":461,"passed_time":0.1885192263,"remaining_time":0.2195310471},
{"learn":[4.006444202],"iteration":462,"passed_time":0.1888729417,"remaining_time":0.2190599777},
{"learn":[4.003284363],"iteration":463,"passed_time":0.1891118632,"remaining_time":0.2184568074},
{"learn":[3.999811484],"iteration":464,"passed_time":0.1893245757,"remaining_time":0.2178250495},
{"learn":[3.997483319],"iteration":465,"passed_time":0.1895633305,"remaining_time":0.2172249324},
{"learn":[3.99708333],"iteration":466,"passed_time":0.1898256274,"remaining_time":0.2166532321},
{"learn":[3.995860263],"iteration":467,"passed_time":0.1900989662,"remaining_time":0.216095406},
{"learn":[3.994131111],"iteration":468,"passed_time":0.1903489712,"remaining_time":0.2155123747},
{"learn":[3.993125499],"iteration":469,"passed_time":0.1905766841,"remaining_time":0.2149056225},
{"learn":[3.992954084],"iteration":470,"passed_time":0.1907992302,"remaining_time":0.2142946768},
{"learn":[3.990635743],"iteration":471,"passed_time":0.1910489019,"remaining_time":0.2137157207},
{"learn":[3.986678254],"iteration":472,"passed_time":0.1912831149,"remaining_time":0.2131209335},
{"learn":[3.986393291],"iteration":473,"passed_time":0.1915317449,"remaining_time":0.2125436662},
{"learn":[3.986152671],"iteration":474,"passed_time":0.1917549993,"remaining_time":0.2119397361},
{"learn":[3.985596662],"iteration":475,"passed_time":0.1920265881,"remaining_time":0.2113906138},
{"learn":[3.983853457],"iteration":476,"passed_time":0.1923124688,"remaining_time":0.2108583253},
{"learn":[3.983263928],"iteration":477,"passed_time":0.1925858909,"remaining_time":0.2103134625},
{"learn":[3.980067202],"iteration":478,"passed_time":0.1928534796,"remaining_time":0.209763388},
{"learn":[3.978115407],"iteration":479,"passed_time":0.1930495669,"remaining_time":0.2091370308},
{"learn":[3.972661644],"iteration":480,"passed_time":0.1932966968,"remaining_time":0.2085675377},
{"learn":[3.969938254],"iteration":481,"passed_time":0.1934869923,"remaining_time":0.2079383029},
{"learn":[3.968211434],"iteration":482,"passed_time":0.1937119968,"remaining_time":0.2073480379},
{"learn":[3.966113368],"iteration":483,"passed_time":0.1939380429,"remaining_time":0.2067603929},
{"learn":[3.962246044],"iteration":484,"passed_time":0.1941535056,"remaining_time":0.2061630008},
{"learn":[3.961319703],"iteration":485,"passed_time":0.1943684682,"remaining_time":0.2055666516},
{"learn":[3.96078191],"iteration":486,"passed_time":0.1946150981,"remaining_time":0.2050052266},
{"learn":[3.958913633],"iteration":487,"passed_time":0.1948503945,"remaining_time":0.2044332008},
{"learn":[3.957428286],"iteration":488,"passed_time":0.1950828158,"remaining_time":0.2038595478},
{"learn":[3.952641965],"iteration":489,"passed_time":0.1953614464,"remaining_time":0.203335383},
{"learn":[3.951486786],"iteration":490,"passed_time":0.1956150765,"remaining_time":0.2027863013},
{"learn":[3.94938344],"iteration":491,"passed_time":0.1958817901,"remaining_time":0.2022519296},
{"learn":[3.947297924],"iteration":492,"passed_time":0.1960859609,"remaining_time":0.2016543249},
{"learn":[3.946284886],"iteration":493,"passed_time":0.1962852982,"remaining_time":0.2010533621},
{"learn":[3.943288204],"iteration":494,"passed_time":0.1965499285,"remaining_time":0.2005206341},
{"learn":[3.943076488],"iteration":495,"passed_time":0.1967545159,"remaining_time":0.1999279758},
{"learn":[3.942347078],"iteration":496,"passed_time":0.1969435197,"remaining_time":0.1993211074},
{"learn":[3.940251541],"iteration":497,"passed_time":0.1971725243,"remaining_time":0.1987562393},
{"learn":[3.939011019],"iteration":498,"passed_time":0.1974291127,"remaining_time":0.1982204118},
{"learn":[3.938760512],"iteration":499,"passed_time":0.1977067849,"remaining_time":0.1977067849},
{"learn":[3.934522727],"iteration":500,"passed_time":0.197907539,"remaining_time":0.1971174889},
{"learn":[3.930091193],"iteration":501,"passed_time":0.1982145451,"remaining_time":0.1966351463},
{"learn":[3.927671752],"iteration":502,"passed_time":0.1991812727,"remaining_time":0.196805353},
{"learn":[3.927280041],"iteration":503,"passed_time":0.1994021105,"remaining_time":0.1962369976},
{"learn":[3.925987561],"iteration":504,"passed_time":0.199695408,"remaining_time":0.1957410435},
{"learn":[3.921645957],"iteration":505,"passed_time":0.1999021205,"remaining_time":0.1951613587},
{"learn":[3.920333743],"iteration":506,"passed_time":0.2001200832,"remaining_time":0.1945940848},
{"learn":[3.918659461],"iteration":507,"passed_time":0.2003834634,"remaining_time":0.1940721733},
{"learn":[3.916124385],"iteration":508,"passed_time":0.2006200098,"remaining_time":0.1935253926},
{"learn":[3.913849268],"iteration":509,"passed_time":0.2008677231,"remaining_time":0.1929905575},
{"learn":[3.912826119],"iteration":510,"passed_time":0.2012338554,"remaining_time":0.1925701669},
{"learn":[3.910034145],"iteration":511,"passed_time":0.2015159027,"remaining_time":0.1920698448},
{"learn":[3.90792379],"iteration":512,"passed_time":0.2017857415,"remaining_time":0.1915587838},
{"learn":[3.907823851],"iteration":513,"passed_time":0.2020201212,"remaining_time":0.191015134},
{"learn":[3.904527401],"iteration":514,"passed_time":0.2022422089,"remaining_time":0.1904611094},
{"learn":[3.903378283],"iteration":515,"passed_time":0.2024530465,"remaining_time":0.1898978188},
{"learn":[3.902170135],"iteration":516,"passed_time":0.2026758009,"remaining_time":0.1893470248},
{"learn":[3.899435429],"iteration":517,"passed_time":0.2029126807,"remaining_time":0.1888106411},
{"learn":[3.897497505],"iteration":518,"passed_time":0.2031382685,"remaining_time":0.1882649463},
{"learn":[3.896426119],"iteration":519,"passed_time":0.2033363141,"remaining_time":0.1876950592},
{"learn":[3.896044669],"iteration":520,"passed_time":0.2035616936,"remaining_time":0.1871517298},
{"learn":[3.892795942],"iteration":521,"passed_time":0.2037771563,"remaining_time":0.1866005377},
{"learn":[3.892413888],"iteration":522,"passed_time":0.2039734519,"remaining_time":0.1860331483},
{"learn":[3.891738985],"iteration":523,"passed_time":0.2042539991,"remaining_time":0.1855437091},
{"learn":[3.88822057],"iteration":524,"passed_time":0.2044713785,"remaining_time":0.1849979139},
{"learn":[3.883837053],"iteration":525,"passed_time":0.2046875495,"remaining_time":0.1844522784},
{"learn":[3.881769742],"iteration":526,"passed_time":0.2048919702,"remaining_time":0.1838973471},
{"learn":[3.880356898],"iteration":527,"passed_time":0.2051170997,"remaining_time":0.1833622558},
{"learn":[3.879250273],"iteration":528,"passed_time":0.2053271456,"remaining_time":0.1828149066},
{"learn":[3.877174493],"iteration":529,"passed_time":0.2056217348,"remaining_time":0.1823438026},
{"learn":[3.875854201],"iteration":530,"passed_time":0.2059052405,"remaining_time":0.181863574},
{"learn":[3.873189396],"iteration":531,"passed_time":0.2061550371,"remaining_time":0.1813544312},
{"learn":[3.871583368],"iteration":532,"passed_time":0.2063729582,"remaining_time":0.1808183329},
{"learn":[3.869622679],"iteration":533,"passed_time":0.2066082962,"remaining_time":0.1802986255},
{"learn":[3.866860164],"iteration":534,"passed_time":0.2068328007,"remaining_time":0.1797705651},
{"learn":[3.864498444],"iteration":535,"passed_time":0.2070912642,"remaining_time":0.1792730347},
{"learn":[3.861416322],"iteration":536,"passed_time":0.2073103102,"remaining_time":0.178742409},
{"learn":[3.860265769],"iteration":537,"passed_time":0.207600316,"remaining_time":0.1782738773},
{"learn":[3.859328725],"iteration":538,"passed_time":0.2078812383,"remaining_time":0.1777982391},
{"learn":[3.858521278],"iteration":539,"passed_time":0.2081952029,"remaining_time":0.1773514691},
{"learn":[3.85599111],"iteration":540,"passed_time":0.2084647916,"remaining_time":0.1768675404},
{"learn":[3.852379816],"iteration":541,"passed_time":0.2086905045,"remaining_time":0.1763473267},
{"learn":[3.851327537],"iteration":542,"passed_time":0.2089102589,"remaining_time":0.1758231829},
{"learn":[3.847854898],"iteration":543,"passed_time":0.2091267632,"remaining_time":0.1752974339},
{"learn":[3.847083414],"iteration":544,"passed_time":0.2093523927,"remaining_time":0.1747804379},
{"learn":[3.845397429],"iteration":545,"passed_time":0.2096401901,"remaining_time":0.174316202},
{"learn":[3.841933528],"iteration":546,"passed_time":0.2098430275,"remaining_time":0.1737822513},
{"learn":[3.840996474],"iteration":547,"passed_time":0.210116533,"remaining_time":0.1733077973},
{"learn":[3.838355966],"iteration":548,"passed_time":0.2103499543,"remaining_time":0.1728011464},
{"learn":[3.83342799],"iteration":549,"passed_time":0.2106710441,"remaining_time":0.1723672179},
{"learn":[3.828161535],"iteration":550,"passed_time":0.210900757,"remaining_time":0.1718592375},
{"learn":[3.823502399],"iteration":551,"passed_time":0.2111017193,"remaining_time":0.1713289316},
{"learn":[3.820068862],"iteration":552,"passed_time":0.2113060984,"remaining_time":0.1708025786},
{"learn":[3.817951642],"iteration":553,"passed_time":0.2115603535,"remaining_time":0.1703175409},
{"learn":[3.815785958],"iteration":554,"passed_time":0.2117754828,"remaining_time":0.1698019637},
{"learn":[3.81503012],"iteration":555,"passed_time":0.2119898204,"remaining_time":0.169286835},
{"learn":[3.813529315],"iteration":556,"passed_time":0.2121888244,"remaining_time":0.168760591},
{"learn":[3.808881326],"iteration":557,"passed_time":0.2124357043,"remaining_time":0.1682734432},
{"learn":[3.808740434],"iteration":558,"passed_time":0.2126625839,"remaining_time":0.1677713765},
{"learn":[3.80714352],"iteration":559,"passed_time":0.2128779215,"remaining_time":0.167261224},
{"learn":[3.80573346],"iteration":560,"passed_time":0.2130703837,"remaining_time":0.1667342218},
{"learn":[3.803370052],"iteration":561,"passed_time":0.2132985549,"remaining_time":0.1662362403},
{"learn":[3.803215211],"iteration":562,"passed_time":0.2134997673,"remaining_time":0.1657182918},
{"learn":[3.801309667],"iteration":563,"passed_time":0.2137421888,"remaining_time":0.1652333232},
{"learn":[3.800003847],"iteration":564,"passed_time":0.213986027,"remaining_time":0.164750304},
{"learn":[3.798026138],"iteration":565,"passed_time":0.2142385737,"remaining_time":0.1642748074},
{"learn":[3.794745847],"iteration":566,"passed_time":0.2144304525,"remaining_time":0.1637537671},
{"learn":[3.794312041],"iteration":567,"passed_time":0.2146947078,"remaining_time":0.1632889327},
{"learn":[3.792205926],"iteration":568,"passed_time":0.2149022536,"remaining_time":0.1627818477},
{"learn":[3.788991061],"iteration":569,"passed_time":0.2150805489,"remaining_time":0.1622537474},
{"learn":[3.787391572],"iteration":570,"passed_time":0.2153240954,"remaining_time":0.1617758965},
{"learn":[3.7826445],"iteration":571,"passed_time":0.2155678086,"remaining_time":0.1612989897},
{"learn":[3.781700331],"iteration":572,"passed_time":0.2157808129,"remaining_time":0.1608000124},
{"learn":[3.780045374],"iteration":573,"passed_time":0.2160435681,"remaining_time":0.1603389547},
{"learn":[3.775462644],"iteration":574,"passed_time":0.2163908667,"remaining_time":0.1599410754},
{"learn":[3.773711943],"iteration":575,"passed_time":0.2165990375,"remaining_time":0.1594409582},
{"learn":[3.772415806],"iteration":576,"passed_time":0.2167927497,"remaining_time":0.1589312533},
{"learn":[3.770170875],"iteration":577,"passed_time":0.2171074644,"remaining_time":0.1585109861},
{"learn":[3.765166479],"iteration":578,"passed_time":0.2174113038,"remaining_time":0.158083176},
{"learn":[3.763976102],"iteration":579,"passed_time":0.2176144745,"remaining_time":0.1575828953},
{"learn":[3.760761708],"iteration":580,"passed_time":0.2178581044,"remaining_time":0.1571128154},
{"learn":[3.758155662],"iteration":581,"passed_time":0.2180683586,"remaining_time":0.1566195428},
{"learn":[3.756844548],"iteration":582,"passed_time":0.2183852816,"remaining_time":0.1562035376},
{"learn":[3.753098923],"iteration":583,"passed_time":0.2186107861,"remaining_time":0.1557227517},
{"learn":[3.751618946],"iteration":584,"passed_time":0.2188462908,"remaining_time":0.1552499328},
{"learn":[3.751398464],"iteration":585,"passed_time":0.2190947958,"remaining_time":0.1547871083},
{"learn":[3.749920103],"iteration":586,"passed_time":0.2193641761,"remaining_time":0.1543397014},
{"learn":[3.748237465],"iteration":587,"passed_time":0.2196019309,"remaining_time":0.1538707407},
{"learn":[3.746021536],"iteration":588,"passed_time":0.219839644,"remaining_time":0.153402536},
{"learn":[3.74417648],"iteration":589,"passed_time":0.2200711903,"remaining_time":0.1529308271},
{"learn":[3.738788389],"iteration":590,"passed_time":0.2202822362,"remaining_time":0.1524457438},
{"learn":[3.736021611],"iteration":591,"passed_time":0.2205580333,"remaining_time":0.1520062122},
{"learn":[3.734546151],"iteration":592,"passed_time":0.2207781211,"remaining_time":0.1515289971},
{"learn":[3.733527479],"iteration":593,"passed_time":0.2209860002,"remaining_time":0.1510443032},
{"learn":[3.733026392],"iteration":594,"passed_time":0.2212094214,"remaining_time":0.1505711187},
{"learn":[3.730314752],"iteration":595,"passed_time":0.2214355092,"remaining_time":0.1501005801},
{"learn":[3.727342596],"iteration":596,"passed_time":0.2216707639,"remaining_time":0.1496370483},
{"learn":[3.725459604],"iteration":597,"passed_time":0.2219242273,"remaining_time":0.1491865207},
{"learn":[3.723158842],"iteration":598,"passed_time":0.2221269814,"remaining_time":0.1487027037},
{"learn":[3.722362756],"iteration":599,"passed_time":0.2223731113,"remaining_time":0.1482487409},
{"learn":[3.721443615],"iteration":600,"passed_time":0.2225897823,"remaining_time":0.147775912},
{"learn":[3.720743486],"iteration":601,"passed_time":0.2228316204,"remaining_time":0.147320573},
{"learn":[3.720215334],"iteration":602,"passed_time":0.2230272077,"remaining_time":0.1468354916},
{"learn":[3.719436563],"iteration":603,"passed_time":0.2232897963,"remaining_time":0.1463952969},
{"learn":[3.715046574],"iteration":604,"passed_time":0.2235535515,"remaining_time":0.145956451},
{"learn":[3.71443396],"iteration":605,"passed_time":0.2237765977,"remaining_time":0.1454917153},
{"learn":[3.712938941],"iteration":606,"passed_time":0.2240426863,"remaining_time":0.1450556437},
{"learn":[3.712814764],"iteration":607,"passed_time":0.2243221086,"remaining_time":0.1446287279},
{"learn":[3.71235348],"iteration":608,"passed_time":0.2245295294,"remaining_time":0.1441560689},
{"learn":[3.711223749],"iteration":609,"passed_time":0.2247315334,"remaining_time":0.1436808165},
{"learn":[3.710755648],"iteration":610,"passed_time":0.2249977054,"remaining_time":0.1432473116},
{"learn":[3.708668039],"iteration":611,"passed_time":0.2253129617,"remaining_time":0.1428454725},
{"learn":[3.705623591],"iteration":612,"passed_time":0.225510549,"remaining_time":0.1423696288},
{"learn":[3.704045802],"iteration":613,"passed_time":0.2258059716,"remaining_time":0.1419561971},
{"learn":[3.699915209],"iteration":614,"passed_time":0.2260334761,"remaining_time":0.1415006314},
{"learn":[3.696182221],"iteration":615,"passed_time":0.2262911063,"remaining_time":0.1410645857},
{"learn":[3.694263278],"iteration":616,"passed_time":0.2265607366,"remaining_time":0.1406365675},
{"learn":[3.693810229],"iteration":617,"passed_time":0.2267634074,"remaining_time":0.1401676725},
{"learn":[3.690900932],"iteration":618,"passed_time":0.2270226625,"remaining_time":0.139734466},
{"learn":[3.688020895],"iteration":619,"passed_time":0.2272500838,"remaining_time":0.1392823094},
{"learn":[3.685491894],"iteration":620,"passed_time":0.227462963,"remaining_time":0.1388220016},
{"learn":[3.684328128],"iteration":621,"passed_time":0.2276862175,"remaining_time":0.1383687945},
{"learn":[3.680640153],"iteration":622,"passed_time":0.2279010551,"remaining_time":0.1379112324},
{"learn":[3.678932783],"iteration":623,"passed_time":0.2281423516,"remaining_time":0.1374703913},
{"learn":[3.674167041],"iteration":624,"passed_time":0.2283743979,"remaining_time":0.1370246387},
{"learn":[3.672200976],"iteration":625,"passed_time":0.228580277,"remaining_time":0.1365639355},
{"learn":[3.670606604],"iteration":626,"passed_time":0.228862491,"remaining_time":0.1361494564},
{"learn":[3.665506042],"iteration":627,"passed_time":0.2292312067,"remaining_time":0.1357866384},
{"learn":[3.664214007],"iteration":628,"passed_time":0.2294927536,"remaining_time":0.1353605907},
{"learn":[3.66261643],"iteration":629,"passed_time":0.2299607213,"remaining_time":0.1350562966},
{"learn":[3.662118449],"iteration":630,"passed_time":0.230296353,"remaining_time":0.1346740955},
{"learn":[3.660871366],"iteration":631,"passed_time":0.230529066,"remaining_time":0.1342321144},
{"learn":[3.656695243],"iteration":632,"passed_time":0.2307759042,"remaining_time":0.133798984},
{"learn":[3.654497801],"iteration":633,"passed_time":0.231047493,"remaining_time":0.1333807294},
{"learn":[3.654189134],"iteration":634,"passed_time":0.2313153317,"remaining_time":0.1329607812},
{"learn":[3.653957699],"iteration":635,"passed_time":0.2315752952,"remaining_time":0.1325368042},
{"learn":[3.651920725],"iteration":636,"passed_time":0.2318736345,"remaining_time":0.1321352109},
{"learn":[3.65106705],"iteration":637,"passed_time":0.2321409315,"remaining_time":0.1317163279},
{"learn":[3.650612844],"iteration":638,"passed_time":0.2323916449,"remaining_time":0.1312885505},
{"learn":[3.649884732],"iteration":639,"passed_time":0.2325988157,"remaining_time":0.1308368338},
{"learn":[3.646276182],"iteration":640,"passed_time":0.2328062365,"remaining_time":0.1303860201},
{"learn":[3.645808194],"iteration":641,"passed_time":0.2330065322,"remaining_time":0.1299319914},
{"learn":[3.645042989],"iteration":642,"passed_time":0.2332636206,"remaining_time":0.1295102839},
{"learn":[3.639864499],"iteration":643,"passed_time":0.2335174174,"remaining_time":0.129087268},
{"learn":[3.637318478],"iteration":644,"passed_time":0.2337685474,"remaining_time":0.128663309},
{"learn":[3.636344905],"iteration":645,"passed_time":0.2340017187,"remaining_time":0.128230044},
{"learn":[3.634754643],"iteration":646,"passed_time":0.234214723,"remaining_time":0.1277863944},
{"learn":[3.630724975],"iteration":647,"passed_time":0.2345155206,"remaining_time":0.127391147},
{"learn":[3.629408252],"iteration":648,"passed_time":0.2347538171,"remaining_time":0.126962388},
{"learn":[3.62790646],"iteration":649,"passed_time":0.2349609462,"remaining_time":0.1265174326},
{"learn":[3.627388973],"iteration":650,"passed_time":0.2351629086,"remaining_time":0.1260704379},
{"learn":[3.625163557],"iteration":651,"passed_time":0.2354027884,"remaining_time":0.1256444331},
{"learn":[3.623701985],"iteration":652,"passed_time":0.235618001,"remaining_time":0.1252058903},
{"learn":[3.622342639],"iteration":653,"passed_time":0.2358605475,"remaining_time":0.1247824915},
{"learn":[3.621130639],"iteration":654,"passed_time":0.2360484679,"remaining_time":0.1243308724},
{"learn":[3.619125665],"iteration":655,"passed_time":0.2363914331,"remaining_time":0.1239613613},
{"learn":[3.618878783],"iteration":656,"passed_time":0.2365989373,"remaining_time":0.1235212108},
{"learn":[3.616207429],"iteration":657,"passed_time":0.236786816,"remaining_time":0.123071567},
{"learn":[3.61206486],"iteration":658,"passed_time":0.2370168206,"remaining_time":0.1226445157},
{"learn":[3.611955873],"iteration":659,"passed_time":0.2373026597,"remaining_time":0.1222468247},
{"learn":[3.610713743],"iteration":660,"passed_time":0.237670042,"remaining_time":0.1218912924},
{"learn":[3.610044025],"iteration":661,"passed_time":0.2378901714,"remaining_time":0.1214605407},
{"learn":[3.607342669],"iteration":662,"passed_time":0.2381171343,"remaining_time":0.1210338978},
{"learn":[3.602510618],"iteration":663,"passed_time":0.2383338886,"remaining_time":0.1206026906},
{"learn":[3.600492392],"iteration":664,"passed_time":0.2386298945,"remaining_time":0.1202120521},
{"learn":[3.597171065],"iteration":665,"passed_time":0.2388237734,"remaining_time":0.119770481},
{"learn":[3.594358798],"iteration":666,"passed_time":0.2390731951,"remaining_time":0.1193573822},
{"learn":[3.593945251],"iteration":667,"passed_time":0.2392908244,"remaining_time":0.1189289726},
{"learn":[3.593607748],"iteration":668,"passed_time":0.2394878284,"remaining_time":0.1184909883},
{"learn":[3.592238714],"iteration":669,"passed_time":0.2397606671,"remaining_time":0.1180910749},
{"learn":[3.590144654],"iteration":670,"passed_time":0.240051173,"remaining_time":0.1177002025},
{"learn":[3.587151536],"iteration":671,"passed_time":0.2402746358,"remaining_time":0.1172769055},
{"learn":[3.586070865],"iteration":672,"passed_time":0.2404963485,"remaining_time":0.1168533521},
{"learn":[3.585102746],"iteration":673,"passed_time":0.2407086028,"remaining_time":0.1164258227},
{"learn":[3.584362847],"iteration":674,"passed_time":0.2409247737,"remaining_time":0.116000817},
{"learn":[3.581407561],"iteration":675,"passed_time":0.2411598618,"remaining_time":0.1155854959},
{"learn":[3.57919422],"iteration":676,"passed_time":0.2413957415,"remaining_time":0.1151710849},
{"learn":[3.577632204],"iteration":677,"passed_time":0.2415942038,"remaining_time":0.1147394301},
{"learn":[3.573911195],"iteration":678,"passed_time":0.241855459,"remaining_time":0.1143381478},
{"learn":[3.573408216],"iteration":679,"passed_time":0.2420960888,"remaining_time":0.1139275712},
{"learn":[3.571076482],"iteration":680,"passed_time":0.2422940094,"remaining_time":0.1134974875},
{"learn":[3.568177107],"iteration":681,"passed_time":0.2425039303,"remaining_time":0.1130736801},
{"learn":[3.564824621],"iteration":682,"passed_time":0.242740935,"remaining_time":0.1126630694},
{"learn":[3.562475026],"iteration":683,"passed_time":0.2429638145,"remaining_time":0.1122464406},
{"learn":[3.561226889],"iteration":684,"passed_time":0.2432151112,"remaining_time":0.1118434453},
{"learn":[3.559383467],"iteration":685,"passed_time":0.2434672829,"remaining_time":0.1114412928},
{"learn":[3.555209766],"iteration":686,"passed_time":0.2436749954,"remaining_time":0.111019321},
{"learn":[3.55345383],"iteration":687,"passed_time":0.2438933331,"remaining_time":0.1106027906},
{"learn":[3.552300968],"iteration":688,"passed_time":0.2441774638,"remaining_time":0.110216533},
{"learn":[3.551253986],"iteration":689,"passed_time":0.2444253854,"remaining_time":0.1098143036},
{"learn":[3.549807725],"iteration":690,"passed_time":0.2446378896,"remaining_time":0.1093966829},
{"learn":[3.547992926],"iteration":691,"passed_time":0.2449321038,"remaining_time":0.1090160231},
{"learn":[3.545438607],"iteration":692,"passed_time":0.2451178576,"remaining_time":0.1085875646},
{"learn":[3.543313763],"iteration":693,"passed_time":0.2453281534,"remaining_time":0.1081706267},
{"learn":[3.542962896],"iteration":694,"passed_time":0.2455310741,"remaining_time":0.1077510469},
{"learn":[3.539800465],"iteration":695,"passed_time":0.2457534119,"remaining_time":0.1073405707},
{"learn":[3.53953187],"iteration":696,"passed_time":0.2459747913,"remaining_time":0.1069302178},
{"learn":[3.536332425],"iteration":697,"passed_time":0.246290256,"remaining_time":0.1065611136},
{"learn":[3.534993327],"iteration":698,"passed_time":0.2465813451,"remaining_time":0.1061816665},
{"learn":[3.531637011],"iteration":699,"passed_time":0.2467985578,"remaining_time":0.1057708105},
{"learn":[3.531040284],"iteration":700,"passed_time":0.2470016869,"remaining_time":0.1053544998},
{"learn":[3.529973872],"iteration":701,"passed_time":0.2472048576,"remaining_time":0.1049388142},
{"learn":[3.527325183],"iteration":702,"passed_time":0.2474128201,"remaining_time":0.1045257576},
{"learn":[3.527200815],"iteration":703,"passed_time":0.2476552416,"remaining_time":0.104127772},
{"learn":[3.523459911],"iteration":704,"passed_time":0.2478701626,"remaining_time":0.1037187205},
{"learn":[3.522729934],"iteration":705,"passed_time":0.2480653331,"remaining_time":0.1033019943},
{"learn":[3.522260582],"iteration":706,"passed_time":0.2482837542,"remaining_time":0.1028955304},
{"learn":[3.518641591],"iteration":707,"passed_time":0.2485308008,"remaining_time":0.1025014037},
{"learn":[3.516856405],"iteration":708,"passed_time":0.2487303881,"remaining_time":0.1020882129},
{"learn":[3.515083413],"iteration":709,"passed_time":0.248976018,"remaining_time":0.1016944299},
{"learn":[3.514671214],"iteration":710,"passed_time":0.2492368982,"remaining_time":0.1013072624},
{"learn":[3.512617621],"iteration":711,"passed_time":0.2494373189,"remaining_time":0.1008959942},
{"learn":[3.510747971],"iteration":712,"passed_time":0.2496785737,"remaining_time":0.1005017541},
{"learn":[3.508149266],"iteration":713,"passed_time":0.2499353288,"remaining_time":0.1001141513},
{"learn":[3.504557165],"iteration":714,"passed_time":0.2501636251,"remaining_time":0.09971557083},
{"learn":[3.501367208],"iteration":715,"passed_time":0.250375921,"remaining_time":0.0993111195},
{"learn":[3.497593362],"iteration":716,"passed_time":0.2505690082,"remaining_time":0.09889962247},
{"learn":[3.496291169],"iteration":717,"passed_time":0.250795096,"remaining_time":0.0985016951},
{"learn":[3.49330374],"iteration":718,"passed_time":0.2510479761,"remaining_time":0.09811471666},
{"learn":[3.490044385],"iteration":719,"passed_time":0.2512638137,"remaining_time":0.09771370534},
{"learn":[3.488891789],"iteration":720,"passed_time":0.2514712345,"remaining_time":0.09730995068},
{"learn":[3.486869081],"iteration":721,"passed_time":0.2516596966,"remaining_time":0.09689943998},
{"learn":[3.486303638],"iteration":722,"passed_time":0.2519019515,"remaining_time":0.09651015292},
{"learn":[3.486035862],"iteration":723,"passed_time":0.2521699152,"remaining_time":0.09613107263},
{"learn":[3.482668951],"iteration":724,"passed_time":0.2523637524,"remaining_time":0.09572418194},
{"learn":[3.47820549],"iteration":725,"passed_time":0.2525582979,"remaining_time":0.0953181455},
{"learn":[3.474392283],"iteration":726,"passed_time":0.2527654271,"remaining_time":0.09491741622},
{"learn":[3.472268163],"iteration":727,"passed_time":0.2530673081,"remaining_time":0.09455262061},
{"learn":[3.471209164],"iteration":728,"passed_time":0.2533438136,"remaining_time":0.09417856447},
{"learn":[3.470049971],"iteration":729,"passed_time":0.2535734432,"remaining_time":0.09378743791},
{"learn":[3.469078654],"iteration":730,"passed_time":0.2538229899,"remaining_time":0.09340408246},
{"learn":[3.468643292],"iteration":731,"passed_time":0.2540230355,"remaining_time":0.0930029693},
{"learn":[3.468134848],"iteration":732,"passed_time":0.2542618737,"remaining_time":0.09261653515},
{"learn":[3.467820182],"iteration":733,"passed_time":0.2544862948,"remaining_time":0.0922252785},
{"learn":[3.465776156],"iteration":734,"passed_time":0.2547501334,"remaining_time":0.09184868756},
{"learn":[3.463037608],"iteration":735,"passed_time":0.254960846,"remaining_time":0.09145334692},
{"learn":[3.45965637],"iteration":736,"passed_time":0.2551858505,"remaining_time":0.09106360742},
{"learn":[3.457275091],"iteration":737,"passed_time":0.2554346888,"remaining_time":0.09068277568},
{"learn":[3.455522955],"iteration":738,"passed_time":0.2556861938,"remaining_time":0.090303243},
{"learn":[3.451270508],"iteration":739,"passed_time":0.2559007397,"remaining_time":0.08991107072},
{"learn":[3.450978947],"iteration":740,"passed_time":0.2560861184,"remaining_time":0.0895091831},
{"learn":[3.450608492],"iteration":741,"passed_time":0.2562969143,"remaining_time":0.08911671684},
{"learn":[3.448122004],"iteration":742,"passed_time":0.2564937099,"remaining_time":0.08871989697},
{"learn":[3.445646714],"iteration":743,"passed_time":0.2566824637,"remaining_time":0.08832084772},
{"learn":[3.44411263],"iteration":744,"passed_time":0.2568926346,"remaining_time":0.08792969371},
{"learn":[3.443264164],"iteration":745,"passed_time":0.2570885968,"remaining_time":0.08753418712},
{"learn":[3.439521363],"iteration":746,"passed_time":0.2572943926,"remaining_time":0.08714254528},
{"learn":[3.436809225],"iteration":747,"passed_time":0.2575073969,"remaining_time":0.08675382889},
{"learn":[3.435509465],"iteration":748,"passed_time":0.2577342764,"remaining_time":0.08637023147},
{"learn":[3.434450277],"iteration":749,"passed_time":0.2579461556,"remaining_time":0.08598205187},
{"learn":[3.431786753],"iteration":750,"passed_time":0.2581784936,"remaining_time":0.08560112504},
{"learn":[3.430150302],"iteration":751,"passed_time":0.2584013314,"remaining_time":0.08521746035},
{"learn":[3.42696281],"iteration":752,"passed_time":0.2586088772,"remaining_time":0.08482920673},
{"learn":[3.426870334],"iteration":753,"passed_time":0.2588353817,"remaining_time":0.08444761791},
{"learn":[3.425200309],"iteration":754,"passed_time":0.2590685531,"remaining_time":0.08406860331},
{"learn":[3.423383783],"iteration":755,"passed_time":0.2593090995,"remaining_time":0.08369235488},
{"learn":[3.422752979],"iteration":756,"passed_time":0.2595185621,"remaining_time":0.08330648689},
{"learn":[3.420845924],"iteration":757,"passed_time":0.2597653587,"remaining_time":0.08293300369},
{"learn":[3.418917862],"iteration":758,"passed_time":0.2599830297,"remaining_time":0.08255060626},
{"learn":[3.417095735],"iteration":759,"passed_time":0.2601907422,"remaining_time":0.08216549752},
{"learn":[3.414391848],"iteration":760,"passed_time":0.2603898295,"remaining_time":0.08177814618},
{"learn":[3.41426711],"iteration":761,"passed_time":0.2606025837,"remaining_time":0.08139555764},
{"learn":[3.411976013],"iteration":762,"passed_time":0.260869339,"remaining_time":0.08103018788},
{"learn":[3.408614844],"iteration":763,"passed_time":0.2610636346,"remaining_time":0.08064269341},
{"learn":[3.407906721],"iteration":764,"passed_time":0.2612680137,"remaining_time":0.08025880159},
{"learn":[3.407494015],"iteration":765,"passed_time":0.2614927265,"remaining_time":0.07988159008},
{"learn":[3.406287128],"iteration":766,"passed_time":0.2617288146,"remaining_time":0.0795082318},
{"learn":[3.404600442],"iteration":767,"passed_time":0.2619785279,"remaining_time":0.07913934697},
{"learn":[3.404012662],"iteration":768,"passed_time":0.2622041991,"remaining_time":0.07876355004},
{"learn":[3.400398762],"iteration":769,"passed_time":0.2624100365,"remaining_time":0.0783822187},
{"learn":[3.399737714],"iteration":770,"passed_time":0.2625922485,"remaining_time":0.07799432543},
{"learn":[3.399185251],"iteration":771,"passed_time":0.2627910025,"remaining_time":0.07761185047},
{"learn":[3.397245411],"iteration":772,"passed_time":0.2630640496,"remaining_time":0.07725166786},
{"learn":[3.396229831],"iteration":773,"passed_time":0.2632934708,"remaining_time":0.0768789721},
{"learn":[3.394002836],"iteration":774,"passed_time":0.2635515593,"remaining_time":0.07651496884},
{"learn":[3.389617243],"iteration":775,"passed_time":0.2637682303,"remaining_time":0.07613928298},
{"learn":[3.385426488],"iteration":776,"passed_time":0.264035069,"remaining_time":0.07577840461},
{"learn":[3.385072258],"iteration":777,"passed_time":0.2642315729,"remaining_time":0.07539769818},
{"learn":[3.383842366],"iteration":778,"passed_time":0.264470411,"remaining_time":0.07502947476},
{"learn":[3.380110746],"iteration":779,"passed_time":0.2647439165,"remaining_time":0.07467136106},
{"learn":[3.378595218],"iteration":780,"passed_time":0.2649501289,"remaining_time":0.07429459442},
{"learn":[3.377371219],"iteration":781,"passed_time":0.265183842,"remaining_time":0.07392593036},
{"learn":[3.375814782],"iteration":782,"passed_time":0.2653810542,"remaining_time":0.07354749523},
{"learn":[3.374195887],"iteration":783,"passed_time":0.2655890584,"remaining_time":0.07317249568},
{"learn":[3.373704309],"iteration":784,"passed_time":0.2657945625,"remaining_time":0.07279723686},
{"learn":[3.372971757],"iteration":785,"passed_time":0.2659813162,"remaining_time":0.07241730493},
{"learn":[3.371565136],"iteration":786,"passed_time":0.2662057374,"remaining_time":0.07204805853},
{"learn":[3.3700309],"iteration":787,"passed_time":0.2664954515,"remaining_time":0.07169674584},
{"learn":[3.368186663],"iteration":788,"passed_time":0.2667190393,"remaining_time":0.07132790531},
{"learn":[3.366710398],"iteration":789,"passed_time":0.2669314602,"remaining_time":0.07095646411},
{"learn":[3.364598042],"iteration":790,"passed_time":0.2671379227,"remaining_time":0.07058385062},
{"learn":[3.36348442],"iteration":791,"passed_time":0.2673409684,"remaining_time":0.07021075938},
{"learn":[3.362001759],"iteration":792,"passed_time":0.2676489746,"remaining_time":0.06986549525},
{"learn":[3.361580401],"iteration":793,"passed_time":0.2679761061,"remaining_time":0.06952528697},
{"learn":[3.359543675],"iteration":794,"passed_time":0.2681848186,"remaining_time":0.06915457587},
{"learn":[3.35766119],"iteration":795,"passed_time":0.2684214483,"remaining_time":0.06879142646},
{"learn":[3.354592969],"iteration":796,"passed_time":0.2686747034,"remaining_time":0.06843282909},
{"learn":[3.350985986],"iteration":797,"passed_time":0.2689110831,"remaining_time":0.06807022405},
{"learn":[3.349589624],"iteration":798,"passed_time":0.2691215457,"remaining_time":0.06770141511},
{"learn":[3.349110856],"iteration":799,"passed_time":0.2693448835,"remaining_time":0.06733622086},
{"learn":[3.345315441],"iteration":800,"passed_time":0.2696029719,"remaining_time":0.06698001425},
{"learn":[3.34397474],"iteration":801,"passed_time":0.2698307682,"remaining_time":0.06661657369},
{"learn":[3.343800902],"iteration":802,"passed_time":0.270138816,"remaining_time":0.06627315909},
{"learn":[3.342329465],"iteration":803,"passed_time":0.2703669039,"remaining_time":0.06591033975},
{"learn":[3.34220347],"iteration":804,"passed_time":0.2705895333,"remaining_time":0.06554653292},
{"learn":[3.341279219],"iteration":805,"passed_time":0.2708574554,"remaining_time":0.06519397809},
{"learn":[3.337329521],"iteration":806,"passed_time":0.2710950851,"remaining_time":0.06483438838},
{"learn":[3.336708453],"iteration":807,"passed_time":0.2713138395,"remaining_time":0.06447061532},
{"learn":[3.333252703],"iteration":808,"passed_time":0.2715517609,"remaining_time":0.064111726},
{"learn":[3.332186769],"iteration":809,"passed_time":0.2718113494,"remaining_time":0.06375821776},
{"learn":[3.330594851],"iteration":810,"passed_time":0.2720605211,"remaining_time":0.06340251354},
{"learn":[3.327867442],"iteration":811,"passed_time":0.2722756087,"remaining_time":0.06303918034},
{"learn":[3.327563111],"iteration":812,"passed_time":0.2725286971,"remaining_time":0.06268495247},
{"learn":[3.326308994],"iteration":813,"passed_time":0.2727434514,"remaining_time":0.06232221371},
{"learn":[3.326249879],"iteration":814,"passed_time":0.2730032066,"remaining_time":0.06197005303},
{"learn":[3.322336238],"iteration":815,"passed_time":0.2732797121,"remaining_time":0.06162189587},
{"learn":[3.320491154],"iteration":816,"passed_time":0.2734735076,"remaining_time":0.06125538788},
{"learn":[3.320434271],"iteration":817,"passed_time":0.273689387,"remaining_time":0.06089421568},
{"learn":[3.319609638],"iteration":818,"passed_time":0.2739286001,"remaining_time":0.06053855508},
{"learn":[3.316182682],"iteration":819,"passed_time":0.2741793134,"remaining_time":0.06018570294},
{"learn":[3.313126612],"iteration":820,"passed_time":0.274407318,"remaining_time":0.0598281485},
{"learn":[3.311222803],"iteration":821,"passed_time":0.2746668232,"remaining_time":0.05947773056},
{"learn":[3.309627335],"iteration":822,"passed_time":0.2748715772,"remaining_time":0.05911575841},
{"learn":[3.307974895],"iteration":823,"passed_time":0.275107082,"remaining_time":0.05876073595},
{"learn":[3.307321505],"iteration":824,"passed_time":0.2753493368,"remaining_time":0.05840743508},
{"learn":[3.306759087],"iteration":825,"passed_time":0.2756694265,"remaining_time":0.05807079929},
{"learn":[3.30484037],"iteration":826,"passed_time":0.275927265,"remaining_time":0.05772118119},
{"learn":[3.30201994],"iteration":827,"passed_time":0.2761178938,"remaining_time":0.05735782336},
{"learn":[3.299302297],"iteration":828,"passed_time":0.2763581903,"remaining_time":0.05700512731},
{"learn":[3.298132671],"iteration":829,"passed_time":0.2765630277,"remaining_time":0.05664543941},
{"learn":[3.296976183],"iteration":830,"passed_time":0.2767744486,"remaining_time":0.05628746308},
{"learn":[3.293144745],"iteration":831,"passed_time":0.2769625357,"remaining_time":0.0559251274},
{"learn":[3.290284404],"iteration":832,"passed_time":0.2771914153,"remaining_time":0.05557138818},
{"learn":[3.288285745],"iteration":833,"passed_time":0.2774150031,"remaining_time":0.0552168951},
{"learn":[3.286662667],"iteration":834,"passed_time":0.2776836335,"remaining_time":0.05487161619},
{"learn":[3.285692682],"iteration":835,"passed_time":0.2779233049,"remaining_time":0.05452083972},
{"learn":[3.284565611],"iteration":836,"passed_time":0.2782135607,"remaining_time":0.05418017968},
{"learn":[3.283897383],"iteration":837,"passed_time":0.2785201085,"remaining_time":0.05384278947},
{"learn":[3.280712855],"iteration":838,"passed_time":0.278893866,"remaining_time":0.05351836999},
{"learn":[3.280468341],"iteration":839,"passed_time":0.279128204,"remaining_time":0.05316727695},
{"learn":[3.277814895],"iteration":840,"passed_time":0.2793583753,"remaining_time":0.0528156738},
{"learn":[3.276316385],"iteration":841,"passed_time":0.2795959633,"remaining_time":0.05246575084},
{"learn":[3.27557063],"iteration":842,"passed_time":0.2798463433,"remaining_time":0.05211847676},
{"learn":[3.27499628],"iteration":843,"passed_time":0.2800828064,"remaining_time":0.05176885995},
{"learn":[3.273569958],"iteration":844,"passed_time":0.2803065192,"remaining_time":0.05141717216},
{"learn":[3.269665595],"iteration":845,"passed_time":0.2805626077,"remaining_time":0.05107168035},
{"learn":[3.267984685],"iteration":846,"passed_time":0.280810571,"remaining_time":0.05072493194},
{"learn":[3.267702508],"iteration":847,"passed_time":0.2810076999,"remaining_time":0.0503693047},
{"learn":[3.266671924],"iteration":848,"passed_time":0.2813024975,"remaining_time":0.05003142181},
{"learn":[3.265359825],"iteration":849,"passed_time":0.2815057515,"remaining_time":0.04967748556},
{"learn":[3.2618983],"iteration":850,"passed_time":0.2817210892,"remaining_time":0.04932601913},
{"learn":[3.260456253],"iteration":851,"passed_time":0.2819252599,"remaining_time":0.04897293247},
{"learn":[3.258389147],"iteration":852,"passed_time":0.2821654314,"remaining_time":0.04862639907},
{"learn":[3.258108469],"iteration":853,"passed_time":0.2823891858,"remaining_time":0.04827730812},
{"learn":[3.256424936],"iteration":854,"passed_time":0.2826840251,"remaining_time":0.04794056565},
{"learn":[3.254817983],"iteration":855,"passed_time":0.2829692391,"remaining_time":0.0476023019},
{"learn":[3.253898449],"iteration":856,"passed_time":0.2832431196,"remaining_time":0.04726227083},
{"learn":[3.253023652],"iteration":857,"passed_time":0.2835436256,"remaining_time":0.0469268005},
{"learn":[3.252845542],"iteration":858,"passed_time":0.2837549631,"remaining_time":0.04657677509},
{"learn":[3.252316026],"iteration":859,"passed_time":0.2839808427,"remaining_time":0.0462294395},
{"learn":[3.24975301],"iteration":860,"passed_time":0.2842070138,"remaining_time":0.04588243313},
{"learn":[3.249151075],"iteration":861,"passed_time":0.2844273099,"remaining_time":0.04553476655},
{"learn":[3.246257135],"iteration":862,"passed_time":0.2846518561,"remaining_time":0.04518806985},
{"learn":[3.243826471],"iteration":863,"passed_time":0.2848924025,"remaining_time":0.04484417447},
{"learn":[3.243190653],"iteration":864,"passed_time":0.2851056568,"remaining_time":0.04449625858},
{"learn":[3.24008797],"iteration":865,"passed_time":0.2854260382,"remaining_time":0.04416522993},
{"learn":[3.240036811],"iteration":866,"passed_time":0.2856551261,"remaining_time":0.04382022119},
{"learn":[3.238676314],"iteration":867,"passed_time":0.2858632136,"remaining_time":0.04347228594},
{"learn":[3.237848782],"iteration":868,"passed_time":0.2860790096,"remaining_time":0.04312583459},
{"learn":[3.236405498],"iteration":869,"passed_time":0.2862761385,"remaining_time":0.04277689426},
{"learn":[3.233378068],"iteration":870,"passed_time":0.2865019347,"remaining_time":0.04243254831},
{"learn":[3.233169169],"iteration":871,"passed_time":0.2867110222,"remaining_time":0.04208602161},
{"learn":[3.232434885],"iteration":872,"passed_time":0.2869206931,"remaining_time":0.04173989464},
{"learn":[3.229978115],"iteration":873,"passed_time":0.2871474059,"remaining_time":0.04139653678},
{"learn":[3.229648848],"iteration":874,"passed_time":0.2873547434,"remaining_time":0.04105067763},
{"learn":[3.227208761],"iteration":875,"passed_time":0.2876422908,"remaining_time":0.04071648866},
{"learn":[3.226258869],"iteration":876,"passed_time":0.2878338363,"remaining_time":0.0403689417},
{"learn":[3.225331995],"iteration":877,"passed_time":0.2880476739,"remaining_time":0.04002484763},
{"learn":[3.221968268],"iteration":878,"passed_time":0.288284762,"remaining_time":0.03968425052},
{"learn":[3.221166317],"iteration":879,"passed_time":0.2885193917,"remaining_time":0.03934355341},
{"learn":[3.220047503],"iteration":880,"passed_time":0.2887392711,"remaining_time":0.03900110472},
{"learn":[3.21982781],"iteration":881,"passed_time":0.2889766925,"remaining_time":0.03866128086},
{"learn":[3.216693405],"iteration":882,"passed_time":0.2892006136,"remaining_time":0.03831990011},
{"learn":[3.214798761],"iteration":883,"passed_time":0.2894757025,"remaining_time":0.03798549942},
{"learn":[3.214395085],"iteration":884,"passed_time":0.2896782899,"remaining_time":0.03764181168},
{"learn":[3.213470696],"iteration":885,"passed_time":0.2898703354,"remaining_time":0.03729708604},
{"learn":[3.211595017],"iteration":886,"passed_time":0.2901158403,"remaining_time":0.03695951516},
{"learn":[3.210965255],"iteration":887,"passed_time":0.2903335113,"remaining_time":0.03661864106},
{"learn":[3.209413583],"iteration":888,"passed_time":0.2905537657,"remaining_time":0.03627836669},
{"learn":[3.208331683],"iteration":889,"passed_time":0.2907806036,"remaining_time":0.03593917572},
{"learn":[3.207110711],"iteration":890,"passed_time":0.2910013163,"remaining_time":0.03559948763},
{"learn":[3.204519413],"iteration":891,"passed_time":0.2912070704,"remaining_time":0.03525825516},
{"learn":[3.201421296],"iteration":892,"passed_time":0.2914306582,"remaining_time":0.03491946297},
{"learn":[3.200691259],"iteration":893,"passed_time":0.2916974552,"remaining_time":0.03458605174},
{"learn":[3.200485067],"iteration":894,"passed_time":0.2918885424,"remaining_time":0.03424390721},
{"learn":[3.197467568],"iteration":895,"passed_time":0.2921562144,"remaining_time":0.03391098917},
{"learn":[3.195838544],"iteration":896,"passed_time":0.2923722604,"remaining_time":0.03357228854},
{"learn":[3.195671746],"iteration":897,"passed_time":0.2925643475,"remaining_time":0.0332311397},
{"learn":[3.194213094],"iteration":898,"passed_time":0.2927753934,"remaining_time":0.03289245243},
{"learn":[3.192884691],"iteration":899,"passed_time":0.2930088148,"remaining_time":0.03255653497},
{"learn":[3.188364239],"iteration":900,"passed_time":0.293318696,"remaining_time":0.03222924628},
{"learn":[3.185219478],"iteration":901,"passed_time":0.2935581174,"remaining_time":0.03189434092},
{"learn":[3.184120387],"iteration":902,"passed_time":0.2937944138,"remaining_time":0.03155931134},
{"learn":[3.183725321],"iteration":903,"passed_time":0.2940091681,"remaining_time":0.03122221254},
{"learn":[3.181264554],"iteration":904,"passed_time":0.2942017553,"remaining_time":0.03088305718},
{"learn":[3.180741589],"iteration":905,"passed_time":0.2944818859,"remaining_time":0.03055330825},
{"learn":[3.179782639],"iteration":906,"passed_time":0.2947100988,"remaining_time":0.0302183453},
{"learn":[3.176377564],"iteration":907,"passed_time":0.2949188946,"remaining_time":0.02988165011},
{"learn":[3.174078182],"iteration":908,"passed_time":0.2951894417,"remaining_time":0.02955141825},
{"learn":[3.171242379],"iteration":909,"passed_time":0.2954318632,"remaining_time":0.02921853592},
{"learn":[3.170421012],"iteration":910,"passed_time":0.2956599928,"remaining_time":0.02888445593},
{"learn":[3.170087224],"iteration":911,"passed_time":0.2959129978,"remaining_time":0.02855300856},
{"learn":[3.167303059],"iteration":912,"passed_time":0.296124377,"remaining_time":0.02821776649},
{"learn":[3.16705966],"iteration":913,"passed_time":0.2963521733,"remaining_time":0.02788434015},
{"learn":[3.165667683],"iteration":914,"passed_time":0.2965453021,"remaining_time":0.02754792424},
{"learn":[3.164689733],"iteration":915,"passed_time":0.296788682,"remaining_time":0.02721642935},
{"learn":[3.163311455],"iteration":916,"passed_time":0.2970245617,"remaining_time":0.02688444779},
{"learn":[3.159425016],"iteration":917,"passed_time":0.2972243157,"remaining_time":0.02654944868},
{"learn":[3.159327058],"iteration":918,"passed_time":0.2974489868,"remaining_time":0.02621694008},
{"learn":[3.15819426],"iteration":919,"passed_time":0.2976403657,"remaining_time":0.02588177093},
{"learn":[3.157086603],"iteration":920,"passed_time":0.2978645785,"remaining_time":0.0255497304},
{"learn":[3.153354154],"iteration":921,"passed_time":0.2980804578,"remaining_time":0.02521721877},
{"learn":[3.153261317],"iteration":922,"passed_time":0.2982960038,"remaining_time":0.02488493206},
{"learn":[3.153168454],"iteration":923,"passed_time":0.2985026329,"remaining_time":0.02455216461},
{"learn":[3.152080399],"iteration":924,"passed_time":0.2987150955,"remaining_time":0.02422014288},
{"learn":[3.151635144],"iteration":925,"passed_time":0.2989447251,"remaining_time":0.02388975125},
{"learn":[3.147762655],"iteration":926,"passed_time":0.2991703546,"remaining_time":0.02355926201},
{"learn":[3.147172317],"iteration":927,"passed_time":0.2994097344,"remaining_time":0.0232300656},
{"learn":[3.146254125],"iteration":928,"passed_time":0.29960703,"remaining_time":0.02289784621},
{"learn":[3.144869828],"iteration":929,"passed_time":0.2998295344,"remaining_time":0.02256781442},
{"learn":[3.143466218],"iteration":930,"passed_time":0.3000942897,"remaining_time":0.02224114499},
{"learn":[3.141919643],"iteration":931,"passed_time":0.3003143774,"remaining_time":0.02191134943},
{"learn":[3.141054135],"iteration":932,"passed_time":0.3006088,"remaining_time":0.02158712712},
{"learn":[3.139390417],"iteration":933,"passed_time":0.3008151791,"remaining_time":0.02125674713},
{"learn":[3.139025283],"iteration":934,"passed_time":0.3010348918,"remaining_time":0.02092755933},
{"learn":[3.137824183],"iteration":935,"passed_time":0.3012795217,"remaining_time":0.02060030918},
{"learn":[3.135620453],"iteration":936,"passed_time":0.3015183598,"remaining_time":0.02027284597},
{"learn":[3.13443178],"iteration":937,"passed_time":0.3017698649,"remaining_time":0.01994640898},
{"learn":[3.132765713],"iteration":938,"passed_time":0.3019661188,"remaining_time":0.01961654233},
{"learn":[3.131434124],"iteration":939,"passed_time":0.3021861232,"remaining_time":0.01928847595},
{"learn":[3.128384262],"iteration":940,"passed_time":0.3024388782,"remaining_time":0.01896269268},
{"learn":[3.128120455],"iteration":941,"passed_time":0.3026498825,"remaining_time":0.01863449382},
{"learn":[3.126314615],"iteration":942,"passed_time":0.3028664285,"remaining_time":0.0183068785},
{"learn":[3.125409666],"iteration":943,"passed_time":0.3030572656,"remaining_time":0.01797797338},
{"learn":[3.123072589],"iteration":944,"passed_time":0.3033305211,"remaining_time":0.01765415731},
{"learn":[3.122921099],"iteration":945,"passed_time":0.3035893179,"remaining_time":0.0173296228},
{"learn":[3.122182662],"iteration":946,"passed_time":0.3038152808,"remaining_time":0.01700338952},
{"learn":[3.120040951],"iteration":947,"passed_time":0.3040165764,"remaining_time":0.01667601474},
{"learn":[3.118767799],"iteration":948,"passed_time":0.304262123,"remaining_time":0.01635128374},
{"learn":[3.118203218],"iteration":949,"passed_time":0.3044866275,"remaining_time":0.01602561197},
{"learn":[3.116343362],"iteration":950,"passed_time":0.3047233406,"remaining_time":0.01570078201},
{"learn":[3.11480829],"iteration":951,"passed_time":0.3049490117,"remaining_time":0.01537558042},
{"learn":[3.112607903],"iteration":952,"passed_time":0.3051870998,"remaining_time":0.0150512001},
{"learn":[3.111661241],"iteration":953,"passed_time":0.3054003541,"remaining_time":0.01472580324},
{"learn":[3.110249676],"iteration":954,"passed_time":0.3056289003,"remaining_time":0.0144013618},
{"learn":[3.107333579],"iteration":955,"passed_time":0.3058814887,"remaining_time":0.01407822751},
{"learn":[3.107149851],"iteration":956,"passed_time":0.3061401606,"remaining_time":0.01375551401},
{"learn":[3.106867336],"iteration":957,"passed_time":0.3063821654,"remaining_time":0.01343220349},
{"learn":[3.10364681],"iteration":958,"passed_time":0.3066429623,"remaining_time":0.01310986596},
{"learn":[3.102703811],"iteration":959,"passed_time":0.306843883,"remaining_time":0.01278516179},
{"learn":[3.101469264],"iteration":960,"passed_time":0.3070884295,"remaining_time":0.01246248569},
{"learn":[3.09863569],"iteration":961,"passed_time":0.3073420179,"remaining_time":0.01214032919},
{"learn":[3.09645939],"iteration":962,"passed_time":0.3076211485,"remaining_time":0.01181929646},
{"learn":[3.096240186],"iteration":963,"passed_time":0.3078442363,"remaining_time":0.01149625779},
{"learn":[3.094838828],"iteration":964,"passed_time":0.3080934496,"remaining_time":0.01117437382},
{"learn":[3.094176802],"iteration":965,"passed_time":0.3083189124,"remaining_time":0.01085180437},
{"learn":[3.093182279],"iteration":966,"passed_time":0.3085783343,"remaining_time":0.01053059466},
{"learn":[3.090150687],"iteration":967,"passed_time":0.3088064222,"remaining_time":0.01020847677},
{"learn":[3.088612829],"iteration":968,"passed_time":0.3090021761,"remaining_time":0.009885518533},
{"learn":[3.087153684],"iteration":969,"passed_time":0.3092218471,"remaining_time":0.009563562283},
{"learn":[3.085866843],"iteration":970,"passed_time":0.3101278236,"remaining_time":0.00926231399},
{"learn":[3.082669094],"iteration":971,"passed_time":0.3103694534,"remaining_time":0.008940683843},
{"learn":[3.081047548],"iteration":972,"passed_time":0.3105813743,"remaining_time":0.008618393738},
{"learn":[3.079684322],"iteration":973,"passed_time":0.3108765886,"remaining_time":0.008298553699},
{"learn":[3.07613431],"iteration":974,"passed_time":0.3110753842,"remaining_time":0.007976291902},
{"learn":[3.074005935],"iteration":975,"passed_time":0.3113655567,"remaining_time":0.007656530082},
{"learn":[3.072988853],"iteration":976,"passed_time":0.311650479,"remaining_time":0.007336705238},
{"learn":[3.072344268],"iteration":977,"passed_time":0.3118667333,"remaining_time":0.00701540709},
{"learn":[3.070654438],"iteration":978,"passed_time":0.3120876128,"remaining_time":0.006694422746},
{"learn":[3.069724506],"iteration":979,"passed_time":0.3123400345,"remaining_time":0.006374286418},
{"learn":[3.067763166],"iteration":980,"passed_time":0.3125832477,"remaining_time":0.006054109792},
{"learn":[3.066737893],"iteration":981,"passed_time":0.3128315026,"remaining_time":0.005734182329},
{"learn":[3.065248174],"iteration":982,"passed_time":0.31303434,"remaining_time":0.005413615239},
{"learn":[3.063186837],"iteration":983,"passed_time":0.3132546361,"remaining_time":0.005093571318},
{"learn":[3.062880371],"iteration":984,"passed_time":0.313482474,"remaining_time":0.004773844781},
{"learn":[3.061288645],"iteration":985,"passed_time":0.3136695194,"remaining_time":0.004453725427},
{"learn":[3.059970575],"iteration":986,"passed_time":0.3139013157,"remaining_time":0.004134465151},
{"learn":[3.059576341],"iteration":987,"passed_time":0.3141439455,"remaining_time":0.003815513508},
{"learn":[3.058175919],"iteration":988,"passed_time":0.3145100362,"remaining_time":0.003498089381},
{"learn":[3.056830702],"iteration":989,"passed_time":0.3147873334,"remaining_time":0.003179670034},
{"learn":[3.056336579],"iteration":990,"passed_time":0.3149937542,"remaining_time":0.002860689998},
{"learn":[3.055810414],"iteration":991,"passed_time":0.3151835496,"remaining_time":0.00254180282},
{"learn":[3.055476518],"iteration":992,"passed_time":0.3154115125,"remaining_time":0.002223444701},
{"learn":[3.053331734],"iteration":993,"passed_time":0.3156480589,"remaining_time":0.001905320275},
{"learn":[3.050890374],"iteration":994,"passed_time":0.3159077724,"remaining_time":0.001587476243},
{"learn":[3.04972623],"iteration":995,"passed_time":0.3161329019,"remaining_time":0.001269610048},
{"learn":[3.047217327],"iteration":996,"passed_time":0.3163602815,"remaining_time":0.0009519366544},
{"learn":[3.047155483],"iteration":997,"passed_time":0.3165689107,"remaining_time":0.0006344066346},
{"learn":[3.04430671],"iteration":998,"passed_time":0.3167589145,"remaining_time":0.0003170759905},
{"learn":[3.042664195],"iteration":999,"passed_time":0.3170155029,"remaining_time":0}
]}